1061,Alaska_Pacific_University,AK,3,454,382,362,382,567,485,471,487,6,11,9,4,0
1063,UnivAlaska-Fairbanks,AK,1,686,560,432,508,914,753,572,677,74,125,118,40,1
1065,UnivAlaska-Southeast,AK,2,533,494,329,415,716,663,442,559,9,26,20,9,0
11462,UnivAlaska-Anchorage,AK,2,612,507,414,498,825,681,557,670,115,124,101,21,1
1002,Alabama_Agri_and_Mech_Univ,AL,2,442,369,310,350,530,444,376,423,59,77,102,24,1
1004,University_of_Montevallo,AL,2,441,385,310,388,542,473,383,477,57,33,35,2,0
1008,Athens_State_College,AL,3,466,394,351,396,558,476,427,478,20,18,30,0,0
1009,Auburn_University-_Main,AL,1,580,437,374,455,692,527,451,546,366,354,301,66,1
1012,Birmingham_Southern_College,AL,3,498,379,322,401,655,501,404,523,34,25,27,3,0
1016,Univ_of_North_Alabama,AL,3,506,412,359,411,607,508,445,503,67,40,66,27,0
1019,Huntingdon_College,AL,3,339,303,287,301,421,371,347,366,8,15,19,2,0
1020,Jacksonville_State_Univ,AL,2,461,389,338,386,585,496,436,493,106,42,66,58,1
1024,Livingston_University,AL,3,360,304,258,300,433,369,313,363,27,25,33,4,0
1029,University_of_Mobile,AL,3,354,321,277,291,436,401,346,363,17,19,31,19,0
1033,Oakwood_College,AL,3,301,290,283,290,375,363,355,362,18,28,28,3,0
1036,Samford_University,AL,2,565,425,363,449,710,556,476,578,83,46,77,9,0
1041,Spring_Hill_College,AL,3,431,352,311,373,518,425,374,449,23,17,14,1,0
1044,Stillman_College,AL,3,321,288,251,272,388,354,312,335,13,18,18,10,0
1047,Troy_State_University-Main,AL,2,462,385,322,350,560,467,392,426,25,59,100,19,0
1050,Tuskegee_University,AL,2,410,352,306,327,487,415,362,387,57,65,85,45,0
1051,University_of_Alabama,AL,1,605,447,382,463,746,563,483,580,267,206,206,76,1
1052,Univ_Alabama_at_Birmingham,AL,1,633,445,366,461,786,569,475,587,106,163,107,19,1
1055,Univ_Alabama_in_Huntsville,AL,2,636,443,375,451,771,540,455,548,72,87,98,7,1
1057,University_of_South_Alabama,AL,2,542,426,370,418,645,514,450,504,119,103,142,64,1
8310,Auburn_Univ_at_Montgomery,AL,2,519,422,343,403,621,507,411,483,56,54,63,28,0
1085,Univ_Ark_at_Monticello,AR,3,453,363,330,349,561,448,402,428,23,24,48,22,0
1086,Univ_Arkansas_at_Pine_Bluff,AR,3,406,366,332,335,505,457,415,419,40,33,71,46,0
1088,Arkansas_College_(Lyon_College),AR,3,499,?,330,399,618,?,402,488,14,5,21,2,0
1089,Arkansas_Tech_University,AR,3,439,381,337,374,550,479,427,471,44,71,52,13,0
1090,Arkansas_State_Univ-Main,AR,2,520,433,342,398,646,541,431,498,103,87,141,63,1
1092,Univ_of_Central_Arkansas,AR,2,521,416,339,395,632,507,416,482,93,89,82,76,1
1094,University_of_the_Ozarks,AR,3,309,280,274,285,428,383,376,391,14,9,15,2,0
1098,Henderson_State_University,AR,3,447,375,341,375,561,480,435,477,55,42,33,25,0
1099,Hendrix_College,AR,3,485,399,362,421,664,534,453,562,24,26,14,1,0
1100,John_Brown_University,AR,3,372,338,304,341,478,414,375,426,23,22,10,3,0
1101,Univ_Ark_at_Little_Rock,AR,2,536,416,372,415,651,506,450,504,128,117,72,63,1
1102,Ouachita_Baptist_University,AR,3,422,355,289,342,529,445,375,435,36,14,28,19,0
1106,Williams_Baptist_College,AR,3,?,?,264,266,?,?,327,331,4,4,12,4,0
1107,Southern_Ark_Univ-Main,AR,2,461,389,321,362,575,484,402,453,27,31,34,23,0
1108,Univ_Arkansas-Fayetteville,AR,1,563,436,379,452,686,531,461,550,314,198,225,54,1
10311,Harding_University,AR,3,424,374,335,380,512,461,401,460,80,46,41,8,0
1074,Grand_Canyon_University,AZ,3,358,328,274,299,439,395,332,363,20,18,24,12,0
1081,Arizona_State_University,AZ,1,603,449,399,489,723,549,489,593,576,445,251,7,1
1082,Northern_Arizona_University,AZ,1,511,422,359,412,619,518,446,507,173,192,175,33,1
1083,University_of_Arizona,AZ,1,648,462,411,537,771,561,498,645,647,377,272,2,1
1117,Azusa_Pacific_University,CA,2,430,375,318,368,573,494,428,488,43,62,32,12,0
1122,Biola_University,CA,2,455,369,303,370,582,462,371,464,32,57,31,6,0
1131,California_Inst_of_Tech,CA,1,970,733,576,866,1204,909,717,1075,173,40,44,0,0
1133,California_Lutheran_Univ,CA,3,477,392,335,398,600,501,433,507,32,21,33,6,0
1137,CalStUniv-Fullerton,CA,2,605,493,387,544,760,637,506,690,393,120,105,5,1
1138,CalStUniv-Hayward,CA,2,606,491,384,552,762,629,503,699,258,69,49,7,1
1139,CalStUniv-Long_Beach,CA,2,600,474,401,542,751,610,521,685,491,171,112,6,1
1141,CalStUniv-Dominguez_Hills,CA,2,605,472,392,548,759,606,593,705,178,52,37,1,1
1143,CalPolyStU-Sn_Luis_Obispo,CA,2,607,496,394,571,763,635,514,721,507,102,60,1,1
1144,CalPolyStUniv-Pomona,CA,2,610,492,408,559,766,630,531,707,411,116,79,4,1
1146,CalStUniv-Chico,CA,2,604,482,395,558,758,631,518,707,413,86,73,2,1
1147,CalStUniv-Fresno,CA,2,603,476,382,553,757,612,500,699,459,109,67,14,1
1149,Humboldt_State_University,CA,2,593,468,387,543,746,603,507,688,213,38,50,0,1
1151,San_Diego_State_University,CA,2,602,479,403,547,756,615,524,693,576,223,100,10,1
1155,San_Jose_State_University,CA,2,598,486,404,528,750,623,526,669,431,222,158,8,1
1156,Sonoma_State_University,CA,2,602,459,380,553,755,592,497,699,170,34,29,0,0
1164,Chapman_University,CA,2,578,470,420,491,763,627,573,656,38,37,36,0,0
1170,Claremont_McKenna_College,CA,3,716,516,411,601,892,661,510,751,36,16,12,2,0
1171,Harvey_Mudd_College,CA,3,771,579,454,638,961,739,588,805,34,14,20,0,0
1172,Pitzer_College,CA,3,652,439,381,547,824,572,482,695,31,10,13,0,0
1173,Pomona_College,CA,3,730,525,417,566,909,658,530,708,60,52,40,7,0
1174,Scripps_College,CA,3,611,458,372,511,776,588,495,658,28,10,15,1,0
1179,College_of_Notre_Dame,CA,3,524,421,374,448,630,503,443,535,25,16,15,3,0
1183,Holy_Names_College,CA,3,484,394,275,368,542,443,311,413,10,22,18,1,0
1216,University_of_La_Verne,CA,2,482,392,326,401,602,478,396,494,41,28,41,0,0
1238,Mills_College,CA,2,593,461,407,492,737,571,507,612,28,16,23,2,0
1249,Occidental_College,CA,3,624,469,388,490,806,593,482,621,49,42,33,15,0
1253,Fresno_Pacific_College,CA,3,?,?,?,361,?,?,?,447,0,0,0,0,0
1258,Pacific_Union_College,CA,3,362,333,315,336,441,398,376,403,40,17,41,4,0
1262,Point_Loma_Nazarene_College,CA,3,507,393,358,429,637,523,468,549,43,21,23,7,0
1264,Pepperdine_University,CA,2,715,561,511,637,930,737,645,829,130,72,22,7,0
1302,Saint_Marys_Coll_of_Calif,CA,2,614,494,404,500,754,616,497,618,38,55,42,0,0
1305,Stanford_University,CA,1,952,658,519,824,1144,814,653,1000,533,139,145,0,1
1312,Univof_Calif-Berkeley,CA,1,764,513,433,650,939,631,533,799,834,229,209,0,1
1313,Univof_Calif-Davis,CA,1,683,478,404,561,840,588,496,689,535,190,234,0,1
1314,Univof_Calif-Irvine,CA,1,708,488,423,574,870,599,520,705,319,161,138,0,1
1315,Univof_Calif-Los_Angeles,CA,1,741,497,421,609,910,611,517,748,817,267,298,0,1
1316,Univof_Calif-Riverside,CA,1,670,461,390,514,824,567,479,632,183,80,140,0,1
1317,Univof_Calif-San_Diego,CA,1,723,487,401,595,888,598,493,732,405,147,130,0,1
1319,Univof_Calif-San_Francisco,CA,1,624,449,380,520,767,552,467,639,154,83,74,0,1
1320,Univof_Calif-Santa_Barbara,CA,1,712,473,401,578,875,581,493,711,371,125,145,0,1
1321,Univof_Calif-Santa_Cruz,CA,1,677,464,391,537,832,570,481,660,186,93,92,0,1
1322,University_of_Redlands,CA,2,566,468,406,488,716,592,495,610,49,19,39,0,0
1325,University_of_San_Francisco,CA,2,617,486,405,514,811,644,538,680,129,59,80,19,1
1326,Santa_Clara_University,CA,2,763,555,487,578,938,704,624,729,85,117,90,0,1
1328,Univ_of_Southern_California,CA,1,802,574,484,641,1016,751,636,825,485,354,286,27,1
1329,University_of_the_Pacific,CA,2,542,420,372,459,666,528,468,570,172,92,100,10,1
1341,Westmont_College,CA,3,489,408,339,415,616,524,429,526,30,19,22,3,0
1342,Whittier_College,CA,2,666,499,347,531,808,601,416,642,48,27,24,9,0
1343,Woodbury_University,CA,2,?,373,365,381,?,472,454,478,5,11,6,0,0
3948,San_Francisco_State_Univ,CA,2,599,483,397,541,751,619,518,684,451,133,117,8,1
7993,CalStUniv-Bakersfield,CA,2,597,482,377,499,752,619,495,637,95,48,50,13,0
10395,University_of_San_Diego,CA,2,719,533,452,575,904,678,569,725,105,72,76,12,1
11649,Loyola_Marymount_University,CA,2,722,558,414,589,911,724,543,754,130,90,83,3,1
1345,Adams_State_College,CO,2,436,356,321,360,527,444,400,444,29,21,40,8,0
1347,Colorado_College,CO,3,613,488,398,525,776,621,509,665,63,38,26,1,0
1349,Univ_of_Northern_Colorado,CO,1,480,390,333,385,565,463,399,458,151,111,129,35,1
1350,Colorado_State_University,CO,1,598,447,403,517,714,534,481,617,483,255,188,0,1
1353,Fort_Lewis_College,CO,3,439,385,342,392,516,452,402,460,73,35,52,5,0
1358,Mesa_State_College,CO,3,429,353,297,340,508,427,363,410,49,31,37,7,0
1360,Metro_State_Collof_Denver,CO,3,480,406,351,418,568,485,424,498,159,90,111,8,1
1363,Regis_University,CO,3,489,434,349,424,626,531,428,527,16,26,12,2,0
1365,University_Southern_Colorado,CO,2,474,422,360,397,559,498,425,468,47,45,63,15,0
1370,Univ_of_Colorado-_Boulder,CO,1,652,494,421,528,797,615,519,649,457,301,227,93,1
1371,University_of_Denver,CO,1,623,479,430,509,756,588,525,620,142,106,101,6,1
1372,Western_State_Coll_of_Colo,CO,3,452,381,324,402,546,460,406,490,52,25,26,0,0
4509,Univ_of_Colo_at_ColoSprgs,CO,2,522,422,385,451,642,524,480,558,62,56,40,3,0
6740,Univ_of_Colorado_at_Denver,CO,2,596,453,408,467,726,561,508,576,106,108,119,35,1
9401,Colorado_Christian_Univ,CO,3,?,284,251,255,?,356,318,323,3,8,13,8,0
1374,Albertus_Magnus_College,CT,3,391,343,?,340,444,400,?,393,9,7,5,3,0
1378,Central_Connecticut_StUniv,CT,2,666,534,397,518,856,700,536,680,118,119,137,16,1
1379,Connecticut_College,CT,3,619,461,366,499,810,613,477,654,63,35,30,11,0
1380,Western_Conn_State_Univ,CT,2,658,516,477,575,883,711,652,778,90,36,50,2,0
1385,Fairfield_University,CT,2,685,545,452,545,894,733,603,721,62,43,81,6,0
1397,University_of_New_Haven,CT,2,524,450,401,471,656,576,513,596,72,44,30,1,0
1402,Quinnipiac_College,CT,2,697,540,412,553,877,686,531,701,82,51,64,10,0
1403,Sacred_Heart_University,CT,3,546,444,374,435,686,566,478,553,19,55,30,7,0
1406,Southern_Conn_State_Univ,CT,2,644,514,385,522,819,673,516,678,160,125,120,12,1
1409,Saint_Joseph_College,CT,2,548,451,360,430,654,544,432,517,8,34,22,1,0
1414,Trinity_College,CT,3,706,501,394,550,901,650,494,704,57,49,32,0,0
1416,University_of_Bridgeport,CT,2,505,437,360,434,644,551,463,553,32,29,26,1,0
1422,University_of_Hartford,CT,2,529,445,380,439,660,566,492,558,76,131,111,3,1
1424,Wesleyan_University,CT,2,734,504,423,597,936,641,539,761,128,57,66,0,0
1425,Eastern_Connecticut_StUniv,CT,2,650,515,400,535,856,689,547,714,47,47,33,0,0
1426,Yale_University,CT,1,928,522,444,708,1127,643,548,863,404,118,191,6,1
1434,American_University,DC,1,746,520,417,555,897,641,505,673,165,119,125,37,1
1437,Catholic_Univ_of_America,DC,1,611,449,385,482,718,533,459,570,123,141,104,6,1
1443,Gallaudet_University,DC,2,623,480,399,482,814,638,534,637,86,67,70,35,1
1444,George_Washington_University,DC,1,729,542,447,610,874,653,536,733,316,175,134,12,1
1445,Georgetown_University,DC,1,857,552,427,618,1080,710,546,785,192,157,154,25,1
1448,Howard_University,DC,1,656,483,403,481,780,591,494,587,241,282,189,111,1
1452,Mount_Vernon_College,DC,3,?,360,288,330,?,453,364,413,3,10,17,0,0
1460,Trinity_College,DC,3,457,362,293,350,536,435,349,415,12,12,21,2,0
29100,Univof_District_Columbia,DC,2,559,476,390,491,686,586,482,604,184,113,95,8,1
1428,Delaware_State_University,DE,2,545,435,359,379,716,583,491,515,29,47,61,34,0
1429,Goldey_Beacom_College,DE,3,492,405,?,417,613,511,?,528,8,14,3,1,0
1431,University_of_Delaware,DE,1,723,531,422,556,922,693,554,721,341,319,217,65,1
1433,Wesley_College,DE,3,448,373,334,376,565,449,396,456,14,12,22,1,0
1466,Barry_University,FL,2,488,420,350,394,598,508,424,477,39,77,84,15,0
1468,St_Thomas_University,FL,2,438,482,351,403,520,570,421,480,23,22,37,4,0
1479,Embry-Riddle_Aero_University,FL,2,457,369,310,365,556,452,383,446,70,130,84,7,1
1480,Florida_A__and__M_University,FL,2,524,426,359,424,661,543,460,540,103,123,111,27,1
1481,Florida_Atlantic_University,FL,2,580,426,394,461,750,559,517,601,183,147,159,30,1
1487,Eckerd_College,FL,3,534,424,357,436,676,547,472,563,32,18,37,0,0
1488,Florida_Southern_College,FL,3,440,369,331,369,552,473,409,463,30,18,44,4,0
1489,Florida_State_University,FL,1,564,399,378,473,729,525,494,616,510,316,192,16,1
1515,Rollins_College,FL,2,542,420,321,457,678,519,378,564,78,43,26,7,0
1531,Stetson_University,FL,2,622,437,370,477,794,561,467,605,61,52,65,2,0
1535,University_of_Florida,FL,1,613,430,399,501,790,567,527,653,981,721,510,49,1
1536,University_of_Miami,FL,1,693,510,408,513,895,654,514,659,291,200,147,20,1
1537,University_of_South_Florida,FL,1,571,418,369,455,735,547,483,591,387,319,239,45,1
1538,University_of_Tampa,FL,3,495,425,371,416,593,513,438,497,36,37,46,4,0
3954,University_Central_Florida,FL,2,560,420,369,435,698,527,465,545,176,207,162,42,1
3955,University_of_West_Florida,FL,2,489,391,350,390,636,505,458,507,59,65,75,22,0
8849,Palm_Beach_Atlantic_College,FL,3,413,369,333,348,491,451,390,412,11,14,28,13,0
9635,Florida_Internatl_Univ,FL,2,558,423,395,433,719,553,509,562,182,261,220,76,1
9841,University_of_North_Florida,FL,3,498,405,343,408,663,544,462,547,73,81,57,19,0
1542,Agnes_Scott_College,GA,3,527,421,356,426,651,528,441,528,19,24,19,4,0
1544,Albany_State_College,GA,3,444,395,335,371,578,519,437,484,38,24,68,8,0
1546,Armstrong_State_College,GA,3,462,367,315,347,588,457,391,434,38,32,119,12,0
1552,Augusta_College,GA,2,503,409,336,383,645,520,431,489,40,43,79,21,0
1554,Berry_College,GA,3,515,403,343,399,650,519,439,509,25,20,38,3,0
1561,Columbus_College,GA,2,456,375,333,396,588,491,437,515,75,50,51,2,0
1564,Emory_University,GA,1,796,547,451,608,972,686,567,753,203,177,161,8,1
1566,Fort_Valley_State_College,GA,3,471,382,339,379,596,490,439,487,37,39,49,17,0
1569,Georgia_Institute_of_Tech,GA,1,684,517,462,558,862,665,594,711,235,206,167,17,1
1570,Southern_Coll_of_Technology,GA,3,457,386,360,398,587,496,460,511,44,58,40,4,0
1572,Georgia_Southern_University,GA,2,495,408,328,363,623,509,407,453,105,135,254,109,1
1574,Georgia_State_University,GA,1,666,474,390,502,817,594,493,624,258,254,241,40,1
1577,Kennesaw_State_College,GA,2,523,428,353,399,661,542,445,506,69,116,111,54,1
1580,Mercer_University-Entire,GA,2,555,423,351,433,686,538,435,540,76,78,81,11,0
1586,Oglethorpe_University,GA,3,516,454,329,450,630,550,390,546,21,9,10,0,0
1591,Shorter_College,GA,3,370,308,294,317,439,368,355,379,16,17,17,5,0
1598,University_of_Georgia,GA,1,619,444,378,489,768,553,464,607,650,552,391,64,1
1599,Valdosta_State_University,GA,2,477,386,344,390,603,496,445,500,88,90,114,19,1
1601,West_Georgia_College,GA,2,466,391,353,392,595,502,454,502,98,50,97,27,1
1602,Georgia_College,GA,2,447,388,340,373,571,496,440,479,47,41,80,11,0
3484,Covenant_College,GA,3,429,371,312,388,519,492,390,484,19,12,6,1,0
1610,Univ_of_Hawaii_at_Manoa,HI,1,713,532,458,570,887,677,587,719,442,285,272,100,1
21078,Univ_of_Hawaii-West_Oahu,HI,3,513,?,396,449,654,?,512,576,8,4,8,0,0
29020,Univ_of_Hawaii_at_Hilo,HI,3,576,461,414,467,731,591,534,598,43,47,37,14,0
1846,Briar_Cliff_College,IA,3,367,324,286,313,473,412,359,398,16,13,28,3,0
1847,Buena_Vista_College,IA,3,484,416,339,382,606,522,440,486,20,12,30,10,0
1850,Central_University_of_Iowa,IA,3,464,413,334,395,572,507,405,483,23,36,22,8,0
1852,Clarke_College,IA,3,436,361,312,338,512,445,379,407,11,10,25,8,0
1854,Coe_College,IA,3,516,421,340,436,671,541,459,570,30,21,22,0,0
1856,Cornell_College,IA,3,578,426,368,468,693,534,463,574,31,22,17,5,0
1859,Dordt_College,IA,3,411,356,308,355,548,470,406,472,30,14,16,12,0
1860,Drake_University,IA,2,601,458,409,481,762,578,496,600,101,61,107,16,1
1866,Graceland_College,IA,3,411,331,301,345,490,401,366,418,26,11,29,1,0
1867,Grand_View_College,IA,3,385,320,295,329,481,405,377,416,22,31,20,2,0
1868,Grinnell_College,IA,3,642,517,405,513,809,641,496,638,46,36,52,3,0
1869,Iowa_State_University,IA,1,684,506,404,534,842,635,514,666,467,353,284,84,1
1873,Loras_College,IA,3,419,363,314,363,531,438,378,445,37,35,31,6,0
1874,Luther_College,IA,3,478,399,347,404,630,548,445,531,63,26,50,16,0
1879,Morningside_College,IA,3,389,331,303,341,495,414,365,425,20,29,16,1,0
1880,Mount_Mercy_College,IA,3,379,356,334,337,465,427,396,405,7,20,28,8,0
1881,Mount_St_Clare_College,IA,2,?,?,?,302,?,?,?,373,0,0,0,0,0
1883,Northwestern_College,IA,3,430,372,311,344,531,477,394,434,9,16,27,6,0
1887,Simpson_College,IA,3,491,377,339,394,645,473,434,504,25,11,17,14,0
1889,St_Ambrose_University,IA,3,431,374,325,362,541,471,401,450,29,15,44,8,0
1890,University_of_Northern_Iowa,IA,2,586,469,390,447,730,591,491,561,155,152,226,89,1
1891,University_of_Dubuque,IA,3,351,315,309,323,443,392,358,396,19,23,14,2,0
1892,University_of_Iowa,IA,1,706,509,432,579,872,643,549,723,486,308,260,10,1
1893,Upper_Iowa_University,IA,3,?,?,287,303,?,?,348,366,4,5,6,12,0
1896,Wartburg_College,IA,3,447,370,308,358,564,469,385,451,25,21,29,4,0
1899,Teikyo_Westmar_University,IA,3,?,314,289,292,?,388,355,359,5,13,22,14,0
1900,William_Penn_College,IA,3,351,312,269,294,420,386,335,363,8,11,19,7,0
1616,Boise_State_University,ID,2,448,391,354,391,566,498,453,498,157,111,100,7,1
1617,Albertson_Coll_of_Idaho,ID,3,424,338,266,336,540,430,338,428,16,20,19,1,0
1620,Idaho_State_University,ID,2,466,382,337,368,588,487,433,471,128,99,113,120,1
1621,Lewis-Clark_State_College,ID,3,391,329,292,338,499,425,381,436,39,35,35,1,0
1624,Northwest_Nazarene_College,ID,3,?,?,?,341,?,?,?,448,0,0,0,0,0
1626,University_of_Idaho,ID,1,514,408,373,438,640,514,472,550,217,165,155,9,1
1633,Augustana_College,IL,3,527,425,362,418,648,523,449,517,41,28,50,18,0
1634,Aurora_University,IL,3,434,379,339,372,528,461,402,447,18,16,19,16,0
1635,Barat_College,IL,3,507,405,333,402,599,473,394,474,9,9,14,0,0
1639,Blackburn_University,IL,3,?,?,?,312,?,?,?,370,0,0,0,0,0
1641,Bradley_University,IL,2,570,464,378,442,679,562,449,529,75,88,100,30,1
1664,College_of_Saint_Francis,IL,3,446,422,345,392,551,524,435,489,12,15,23,0,0
1665,Columbia_College,IL,3,?,?,?,349,?,?,?,446,0,0,0,0,0
1666,Concordia_University,IL,3,399,351,295,351,487,435,374,435,30,23,24,1,0
1671,DePaul_University,IL,2,702,543,427,524,857,681,527,648,120,173,152,55,1
1674,Eastern_Illinois_University,IL,2,442,373,333,364,515,438,393,428,190,161,120,87,1
1678,Eureka_College,IL,3,?,370,315,355,?,458,390,438,5,16,16,0,0
1684,Greenville_College,IL,3,374,331,292,336,466,424,370,422,27,11,15,4,0
1688,Illinois_College,IL,3,522,424,347,424,621,503,410,502,16,18,14,3,0
1691,Illinois_Institute_of_Tech,IL,1,680,480,452,512,836,606,558,636,93,81,73,11,1
1692,Illinois_State_University,IL,1,548,436,373,460,638,514,445,541,289,187,244,0,1
1693,Northeastern_Illinois_Univ,IL,2,460,378,359,394,529,439,418,455,139,88,71,0,1
1694,Chicago_State_University,IL,2,446,369,320,345,509,425,371,399,120,65,77,14,1
1696,Illinois_Wesleyan_University,IL,3,570,452,374,445,729,593,477,572,32,42,47,8,0
1700,Judson_College,IL,3,400,358,305,358,486,445,366,438,10,12,6,1,0
1703,Kendall_College,IL,3,?,357,?,319,?,423,?,377,1,11,3,4,0
1704,Knox_College,IL,3,508,414,342,432,650,518,416,544,35,17,20,5,0
1706,Lake_Forest_College,IL,3,644,475,402,495,843,650,543,662,26,22,24,5,0
1707,Lewis_University,IL,2,467,392,330,357,561,481,407,437,37,20,29,52,0
1710,Loyola_Univ_of_Chicago,IL,1,761,536,433,570,924,664,536,701,164,230,163,6,1
1717,MacMurray_College,IL,3,324,263,250,262,393,334,307,318,13,9,16,31,0
1722,McKendree_College,IL,3,433,397,341,381,539,493,407,467,16,10,16,5,0
1724,Millikin_University,IL,3,478,409,313,386,583,501,383,472,34,38,46,6,0
1725,Monmouth_College,IL,3,443,339,325,381,544,412,385,464,20,12,11,1,0
1733,National-Louis_University,IL,2,490,405,337,348,566,472,394,405,20,51,120,23,0
1734,North_Central_College,IL,3,473,399,348,398,588,501,437,497,24,40,28,5,0
1735,North_Park_College,IL,3,415,337,285,339,540,426,352,431,23,18,18,2,0
1737,Northern_Illinois_University,IL,1,578,435,375,440,667,509,443,515,314,266,246,112,1
1739,Northwestern_University,IL,1,860,596,496,712,1045,735,602,868,460,209,203,0,1
1741,Olivet_Nazarene_University,IL,2,391,335,278,320,476,412,346,395,26,22,36,8,0
1744,Principia_College,IL,3,465,400,345,395,572,540,414,490,20,9,13,7,0
1745,Quincy_University,IL,3,372,371,285,345,459,462,351,427,18,21,14,2,0
1749,Roosevelt_University,IL,2,484,405,359,416,610,517,464,531,50,58,42,2,0
1750,Rosary_College,IL,3,448,378,377,382,543,479,454,468,10,25,34,3,0
1758,Southern_IllUniv-Carbondale,IL,1,564,436,359,422,657,517,431,500,272,255,313,33,1
1759,Southern_IllUniv-Edwardsvle,IL,2,531,442,389,453,616,520,462,531,168,126,95,24,1
1767,Illinois_Benedictine_College,IL,2,463,395,315,409,576,493,403,511,38,36,17,0,0
1768,Saint_Xavier_University,IL,2,551,452,388,439,667,548,471,531,22,78,53,6,0
1772,Trinity_College,IL,3,?,346,291,320,?,406,347,377,5,11,13,2,0
1774,University_of_Chicago,IL,1,894,586,515,742,1104,724,636,916,467,138,161,36,1
1775,Univ_of_Illinois-Urbana,IL,1,682,493,421,570,783,574,494,659,927,520,393,1,1
1776,Univ_of_Illinois-Chicago,IL,1,656,476,411,513,755,555,483,596,401,369,296,20,1
1780,Western_Illinois_University,IL,2,506,427,350,421,587,500,414,493,241,171,123,62,1
1781,Wheaton_College,IL,2,510,437,368,452,640,569,461,574,67,54,32,3,0
3970,Parks_Collof_StLouis_Univ,IL,3,576,540,396,487,694,660,480,591,15,12,16,4,0
9333,Sangamon_State_University,IL,2,499,437,370,433,594,516,447,516,50,62,46,5,0
1785,Anderson_University,IN,3,415,340,316,347,532,427,389,437,43,45,36,14,0
1786,Ball_State_University,IN,1,517,410,332,384,666,537,438,501,297,160,350,155,1
1787,Bethel_College,IN,3,?,?,285,295,?,?,363,376,5,4,26,1,0
1788,Butler_University,IN,2,521,442,366,439,650,551,447,544,72,66,77,3,0
1792,DePauw_University,IN,3,540,433,361,452,695,570,465,587,51,57,38,0,0
1793,Earlham_College,IN,3,514,394,338,445,639,483,414,551,44,13,22,0,0
1795,University_of_Evansville,IN,2,500,415,351,414,602,505,415,496,57,43,58,4,0
1798,Franklin_College_of_Indiana,IN,3,440,363,325,381,549,453,411,477,24,16,20,0,0
1799,Goshen_College,IN,3,388,341,291,345,479,410,344,418,37,19,28,0,0
1800,Grace_College,IN,3,326,264,228,285,439,372,334,395,14,11,6,0,0
1801,Hanover_College,IN,3,555,437,377,432,682,539,455,524,28,16,35,13,0
1803,Huntington_College,IN,3,438,367,305,358,544,455,379,444,11,11,13,3,0
1804,University_of_Indianapolis,IN,2,487,408,358,382,620,515,433,469,16,38,52,19,0
1808,Univ_of_Southern_Indiana,IN,2,493,421,377,384,636,545,477,491,35,38,58,50,0
1809,Indiana_Univ-Bloomington,IN,1,674,479,399,540,852,615,507,685,624,344,305,1,1
1811,Indiana_Univ-East,IN,3,?,405,327,341,?,529,424,443,5,12,24,0,0
1812,Indiana-Purdue_U-Fort_Wayne,IN,2,498,408,340,385,648,534,444,503,53,106,123,15,1
1813,Indiana_Univ-Indianapolis,IN,2,643,469,405,469,820,604,514,599,170,217,215,1,1
1814,Indiana_Univ_at_Kokomo,IN,3,519,432,380,397,665,548,482,504,13,21,29,0,0
1815,Indiana_Univ-Northwest,IN,2,544,446,355,410,694,575,449,522,25,63,33,0,0
1816,Indiana_Univ_at_South_Bend,IN,2,544,445,391,420,696,571,495,537,32,56,57,0,0
1817,Indiana_Univ-Southeast,IN,2,529,408,369,422,679,526,470,540,41,24,42,0,0
1820,Manchester_College,IN,3,412,340,289,340,527,416,348,420,24,22,17,11,0
1821,Marian_College,IN,3,420,329,303,330,520,411,379,411,15,23,34,5,0
1822,Indiana_Wesleyan_University,IN,3,396,342,294,335,492,431,367,418,22,23,34,2,0
1824,Oakland_City_College,IN,3,?,282,252,269,?,340,314,328,3,11,10,4,0
1825,Purdue_Univ-Main_Campus,IN,1,721,485,423,562,920,631,548,722,603,411,400,29,1
1827,Purdue_University-Calumet,IN,2,519,413,364,405,677,541,479,530,47,105,74,21,0
1830,Rose-Hulman_Inst_of_Tech,IN,3,608,522,447,549,797,679,568,715,51,29,21,0,0
1832,Saint_Francis_College,IN,3,?,334,313,316,?,393,371,373,3,8,21,5,0
1833,Saint_Josephs_College,IN,3,373,374,312,344,486,478,400,443,13,12,19,1,0
1834,Calumet_College_of_StJoseph,IN,3,324,264,235,265,426,350,316,353,6,6,9,2,0
1835,Saint_Mary-of-the-Woods_Coll,IN,3,307,234,199,232,382,295,246,290,11,11,18,4,0
1836,Saint_Marys_College,IN,3,524,391,331,388,675,509,435,505,21,43,52,1,0
1837,Saint_Meinrad_College,IN,3,357,?,?,332,405,?,?,376,6,3,5,1,0
1838,Taylor_University,IN,3,404,352,300,355,555,486,382,480,36,31,25,3,0
1839,Tri-State_University,IN,3,395,324,291,340,485,395,356,415,23,28,10,3,0
1840,University_of_Notre_Dame,IN,1,798,562,470,637,985,701,573,787,274,195,164,11,1
1842,Valparaiso_University,IN,2,559,423,372,446,681,525,459,548,67,58,74,5,0
1844,Wabash_College,IN,3,612,474,371,501,770,602,482,637,31,22,20,1,0
9563,Indiana_State_University,IN,1,500,394,343,423,647,513,438,545,248,133,151,16,1
1903,Baker_University,KS,3,369,318,288,327,443,396,346,397,18,18,16,0,0
1904,Bethany_College,KS,3,335,280,248,281,415,360,308,350,16,9,24,2,0
1905,Bethel_College,KS,3,325,285,267,285,408,356,336,358,16,19,8,5,0
1915,Fort_Hays_State_University,KS,2,446,378,325,377,556,475,412,474,84,56,71,21,0
1926,Pittsburg_State_University,KS,2,450,381,331,375,567,484,425,477,103,76,70,4,1
1927,Emporia_State_University,KS,2,435,390,330,367,553,499,427,471,67,67,78,26,0
1928,Kansas_State_University,KS,1,550,419,368,440,686,530,466,554,305,231,259,63,1
1929,Kansas_Wesleyan_University,KS,3,337,290,265,293,394,343,299,340,11,14,10,3,0
1933,McPherson_College,KS,3,318,274,254,272,397,353,313,342,7,16,11,3,0
1937,Ottawa_University,KS,3,338,292,264,284,410,348,309,338,13,12,22,8,0
1940,Southwestern_College,KS,3,340,318,278,311,415,388,341,380,16,10,10,3,0
1943,Saint_Mary_College,KS,3,336,301,261,282,390,358,313,335,10,11,15,5,0
1946,Tabor_College,KS,3,304,?,222,257,385,?,282,326,8,5,8,3,0
1948,University_of_Kansas-Main,KS,1,579,422,367,485,714,529,458,603,474,297,204,6,1
1949,Washburn_University,KS,2,594,438,333,457,719,540,416,561,76,55,59,11,0
1950,Wichita_State_University,KS,2,555,417,361,415,679,518,450,514,101,154,188,24,1
7032,Mid-America_Nazarene_College,KS,3,371,305,265,300,457,378,329,372,18,12,24,6,0
10256,Benedictine_College,KS,3,335,316,278,296,374,368,327,342,11,16,16,7,0
1954,Bellarmine_College,KY,2,473,385,326,394,583,480,396,482,32,18,27,7,0
1955,Berea_College,KY,3,552,428,355,436,675,518,421,525,32,43,31,6,0
1958,Brescia_College,KY,3,?,322,273,299,?,390,324,357,4,10,14,4,0
1959,Campbellsville_College,KY,3,342,278,252,277,422,350,318,347,12,11,16,7,0
1960,Spalding_University,KY,3,359,315,289,313,416,370,333,363,15,22,26,3,0
1961,Centre_College,KY,3,521,418,351,431,653,514,423,532,27,21,21,4,0
1962,Cumberland_College,KY,3,354,291,272,286,438,362,337,355,17,23,32,20,0
1963,Eastern_Kentucky_University,KY,2,519,439,371,442,648,551,468,555,237,135,185,29,1
1964,Georgetown_College,KY,3,398,338,297,343,493,418,352,420,29,18,19,6,0
1968,Kentucky_State_University,KY,3,460,403,329,377,576,505,416,474,26,35,52,5,0
1969,Kentucky_Wesleyan_College,KY,3,383,326,292,327,474,404,358,405,17,18,11,5,0
1972,Lindsey_Wilson_College,KY,3,?,359,278,294,?,427,331,349,2,7,11,18,0
1976,Morehead_State_University,KY,2,478,395,322,373,600,498,410,472,87,89,123,37,1
1977,Murray_State_University,KY,2,462,396,342,383,601,520,451,503,95,101,101,7,1
1980,Pikeville_College,KY,3,359,314,275,304,434,377,332,367,8,25,15,3,0
1987,Transylvania_University,KY,3,447,393,318,384,627,526,424,521,18,25,18,2,0
1988,Union_College,KY,3,314,287,255,277,383,353,304,335,11,20,8,9,0
1989,University_of_Kentucky,KY,1,634,473,418,521,760,574,504,628,470,416,308,6,1
1999,University_of_Louisville,KY,1,584,442,368,476,715,547,449,584,276,208,169,12,1
2001,Thomas_More_College,KY,3,352,324,277,312,432,394,345,382,12,30,18,1,0
2002,Western_Kentucky_University,KY,2,485,408,347,413,613,517,442,524,223,135,144,43,1
9275,Northern_Kentucky_University,KY,2,506,427,350,388,623,529,432,478,83,96,90,14,1
2003,Centenary_College_of_La,LA,3,499,380,324,412,625,468,396,512,28,20,16,2,0
2004,Dillard_University,LA,3,494,373,342,350,567,437,398,406,8,15,59,10,0
2005,Nicholls_State_University,LA,3,440,361,316,338,535,439,385,412,72,67,82,40,1
2006,Grambling_State_University,LA,2,442,392,329,349,491,437,369,391,48,48,124,45,1
2007,Louisiana_College,LA,3,375,324,308,338,484,427,401,440,25,13,18,4,0
2008,Louisiana_Tech_University,LA,2,472,408,344,391,549,494,418,467,129,93,131,36,1
2010,Louisiana_StUnivand_A_and_M_C,LA,1,594,437,379,464,711,527,461,559,561,387,313,178,1
2013,Louisiana_StUnivShreveport,LA,2,458,414,337,385,539,498,403,458,53,37,48,18,0
2015,University_of_New_Orleans,LA,2,512,378,352,404,609,453,423,483,199,128,116,67,1
2016,Loyola_University,LA,2,593,451,393,476,728,560,482,587,77,103,45,2,0
2017,McNeese_State_University,LA,2,456,374,323,363,554,458,398,446,76,77,104,33,1
2020,Northeast_Louisiana_Univ,LA,2,459,376,325,343,559,458,396,418,88,102,159,100,1
2021,Northwestern_State_Univ,LA,2,418,360,312,335,500,432,375,403,44,47,98,34,0
2023,Our_Lady_of_Holy_Cross_Coll,LA,3,?,306,325,314,?,378,400,385,1,9,9,6,0
2024,Southeastern_Louisiana_Univ,LA,2,468,405,329,348,566,486,398,421,68,68,163,90,1
2026,Southern_Univat_New_Orleans,LA,3,406,329,298,320,487,397,361,387,23,22,64,11,0
2029,Tulane_University,LA,1,713,514,418,564,876,646,514,699,172,166,115,3,1
2031,Univ_Southwestern_Louisiana,LA,1,533,409,359,402,633,493,434,483,147,136,167,98,1
2032,Xavier_University_of_La,LA,2,459,389,332,352,546,456,386,413,37,41,91,34,0
9636,Southern_UnivA_and_M_Coll-Main,LA,2,455,392,336,367,538,464,398,434,100,88,210,48,1
2115,Amherst_College,MA,3,726,516,425,610,917,661,546,774,87,23,43,0,0
2117,Anna_Maria_College,MA,3,407,364,318,341,499,470,377,416,6,9,14,4,0
2118,Assumption_College,MA,3,479,400,325,385,610,518,413,492,22,42,40,3,0
2120,Merrimack_College,MA,3,507,393,326,395,652,518,407,510,24,63,38,0,0
2121,Babson_College,MA,3,787,613,557,633,975,769,700,790,31,45,31,3,0
2124,Bentley_College,MA,2,717,566,493,575,894,708,599,712,48,84,56,10,0
2126,Berklee_College_of_Music,MA,3,504,402,329,381,605,491,405,466,17,59,61,2,0
2128,Boston_College,MA,1,784,569,496,614,964,717,604,761,165,245,126,10,1
2132,Bradford_College,MA,3,447,352,310,346,557,450,384,435,9,18,8,6,0
2133,Brandeis_University,MA,1,687,493,403,550,859,619,496,686,142,71,40,3,1
2139,Clark_University,MA,2,664,469,395,522,822,593,488,651,58,64,38,0,0
2140,Collof_Our_Lady_of_the_Elms,MA,3,431,353,305,342,524,429,371,415,10,18,19,5,0
2141,College_of_the_Holy_Cross,MA,3,695,506,406,519,875,627,500,644,44,84,54,4,0
2146,Emerson_College,MA,2,669,502,386,488,874,652,494,632,21,33,35,3,0
2153,Gordon_College,MA,3,432,352,319,381,578,467,424,505,35,18,13,5,0
2155,Harvard_University,MA,1,1009,559,500,793,1236,723,653,989,654,149,255,8,1
2158,Lasell_College,MA,3,?,336,322,320,?,403,389,387,3,7,13,4,0
2161,Univ_of_Mass_at_Lowell,MA,1,664,539,464,587,805,662,577,717,223,191,52,10,1
2178,Massachusetts_Inst_of_Tech,MA,1,903,637,528,757,1124,806,678,951,583,177,164,36,1
2183,Bridgewater_State_College,MA,2,517,440,400,468,672,583,542,617,144,53,41,17,0
2184,Fitchburg_State_College,MA,2,512,429,395,444,644,540,501,560,87,56,70,11,0
2187,North_Adams_State_College,MA,3,510,394,361,428,642,507,468,546,34,34,21,2,0
2189,Westfield_State_College,MA,2,523,419,378,457,662,530,478,578,79,46,44,0,0
2190,Worcester_State_College,MA,2,528,456,370,463,669,585,483,593,81,44,30,13,0
2192,Mount_Holyoke_College,MA,3,694,505,400,541,866,645,496,678,73,47,51,3,0
2199,Northeastern_University,MA,1,688,525,460,543,880,689,599,705,236,260,176,0,1
2206,Regis_College,MA,3,504,425,345,407,627,542,426,513,9,20,14,1,0
2208,Simmons_College,MA,2,589,471,386,477,724,592,482,593,54,54,53,6,0
2209,Smith_College,MA,2,732,514,405,591,932,646,502,747,127,70,59,6,1
2210,Univ_of_Mass-Dartmouth,MA,2,572,482,420,526,722,611,535,665,203,61,32,1,1
2211,Springfield_College,MA,2,520,404,321,376,643,501,399,467,34,45,78,17,0
2217,Stonehill_College,MA,3,513,428,354,423,657,541,458,539,24,56,36,0,0
2218,Suffolk_University,MA,2,727,548,484,611,925,706,599,777,111,73,33,15,0
2219,Tufts_University,MA,1,735,549,447,592,964,710,607,777,148,157,98,2,1
2221,Univ_Massachussets-Amherst,MA,1,704,537,438,607,880,680,557,762,650,306,146,7,1
2222,Univ_Massachusetts-Boston,MA,2,656,543,445,549,813,679,563,686,154,186,100,1,1
2224,Wellesley_College,MA,3,757,550,453,603,988,712,570,779,97,44,74,4,0
2226,Western_New_England_College,MA,2,659,497,437,543,823,632,545,682,54,42,29,6,0
2227,Wheaton_College,MA,3,602,435,357,486,740,539,448,601,44,16,25,6,0
2228,Wheelock_College,MA,2,545,420,362,415,662,518,433,505,8,20,20,1,0
2229,Williams_College,MA,3,707,503,417,543,923,669,566,719,77,36,88,0,0
2233,Worcester_Polytechnic_Inst,MA,2,659,527,451,546,842,680,557,693,75,70,58,4,0
1436,Capitol_College,MD,3,?,344,?,352,?,406,?,416,5,7,5,0,0
2062,Bowie_State_University,MD,2,510,433,349,401,647,554,452,515,31,28,51,14,0
2065,College_of_Notre_Dame_of_Md,MD,3,443,377,309,362,493,441,365,419,19,25,29,3,0
2067,Columbia_Union_College,MD,3,308,297,293,296,344,329,325,329,17,9,11,5,0
2068,Coppin_State_College,MD,3,557,435,366,431,707,559,476,554,26,32,36,4,0
2072,Frostburg_State_University,MD,2,498,423,366,416,646,538,468,530,76,56,70,8,0
2073,Goucher_College,MD,3,529,387,358,411,661,489,452,518,21,27,23,4,0
2076,Hood_College,MD,2,516,425,352,402,665,530,434,502,14,21,40,1,0
2077,Johns_Hopkins_University,MD,1,798,542,435,593,972,677,551,734,330,110,160,52,1
2078,Loyola_College_in_Maryland,MD,2,632,500,397,482,802,640,511,617,50,76,89,5,0
2083,Morgan_State_University,MD,2,594,517,439,450,743,651,558,571,26,41,91,42,0
2086,Mount_Saint_Marys_Coll_and_Sem,MD,3,465,384,311,358,563,487,382,448,14,29,34,4,0
2091,Salisbury_State_University,MD,2,543,445,357,404,679,562,458,513,54,63,78,8,0
2092,Saint_Johns_College-Main,MD,3,?,?,?,437,?,?,?,572,0,0,0,0,0
2095,StMarys_Collof_Maryland,MD,3,560,426,347,426,686,533,430,526,24,35,29,9,0
2099,Towson_State_University,MD,2,531,433,388,439,692,565,505,573,141,136,169,25,1
2101,U_S_Naval_Academy,MD,3,595,455,377,492,721,556,466,600,125,100,67,7,1
2102,University_of_Baltimore,MD,2,680,560,490,582,833,693,612,719,62,50,54,0,0
2103,Univof_Maryland-Coll_Park,MD,1,703,487,406,539,865,608,505,669,535,388,163,133,1
2105,Univof_Maryland-BaltoCo,MD,1,638,455,395,464,783,571,491,577,87,119,104,32,1
2106,Univof_Maryland-Estrn_Shore,MD,2,500,455,388,379,630,572,493,482,8,33,25,5,0
2108,Washington_College,MD,3,496,419,348,443,637,532,421,562,33,12,15,0,0
2109,Western_Maryland_College,MD,3,477,379,313,412,612,489,400,530,36,30,10,3,0
2033,Univof_Maine_at_Presque_Isl,ME,3,439,354,302,343,562,453,389,440,15,19,25,4,0
2036,Bates_College,ME,3,671,490,404,518,824,600,494,635,45,31,45,6,0
2038,Bowdoin_College,ME,3,738,527,418,554,918,651,503,682,41,40,35,4,0
2039,Colby_College,ME,3,745,515,383,524,904,622,453,629,43,33,60,4,0
2040,Univof_Maine_at_Farmington,ME,3,464,348,292,385,594,448,377,496,47,26,13,14,0
2041,Univof_Maine_at_Fort_Kent,ME,3,436,347,320,356,555,442,415,456,9,10,12,2,0
2043,Husson_College,ME,3,407,358,302,334,454,401,338,374,12,13,18,6,0
2050,University_of_New_England,ME,2,450,380,323,354,545,468,396,434,11,22,39,4,0
2051,Saint_Josephs_College,ME,3,?,321,283,295,?,391,353,370,4,8,33,0,0
2052,Thomas_College,ME,3,?,338,297,318,?,404,341,374,2,7,8,0,0
2053,Univof_Maine_at_Orono,ME,1,574,436,366,449,716,552,463,566,122,197,102,19,1
2055,Univof_Maine_at_Machias,ME,3,465,355,284,360,582,459,366,462,7,24,8,0,0
6858,Unity_College,ME,3,355,261,261,285,418,313,313,340,8,7,16,0,0
9762,Univof_Maine_at_Southern,ME,2,584,439,362,459,724,558,459,578,78,144,61,7,1
2234,Adrian_College,MI,3,439,365,316,386,559,466,407,493,37,8,14,7,0
2235,Albion_College,MI,3,562,443,346,462,716,573,437,589,47,27,33,2,0
2236,Alma_College,MI,3,523,408,335,422,645,515,423,527,25,27,21,2,0
2239,Aquinas_College,MI,3,387,313,275,319,491,376,331,392,27,32,27,4,0
2241,Calvin_College,MI,3,471,410,363,446,604,527,461,571,152,33,20,7,0
2243,Central_Michigan_University,MI,2,588,460,397,490,768,612,534,648,230,191,137,23,1
2247,Concordia_College,MI,3,342,304,257,289,428,377,340,369,10,12,15,3,0
2252,William_Tyndale_College,MI,3,309,?,?,295,377,?,?,362,1,2,4,0,0
2259,Eastern_Michigan_University,MI,2,560,447,389,462,722,590,519,605,318,171,160,17,1
2260,Ferris_State_University,MI,2,546,470,409,467,713,631,566,628,143,160,151,10,1
2266,Grand_Rapids_Baptist_College,MI,3,353,287,254,283,474,376,326,371,9,19,12,4,0
2268,Grand_Valley_State_Univ,MI,3,568,479,387,467,726,619,508,604,91,105,118,7,1
2273,Hope_College,MI,3,515,420,350,443,681,559,455,585,70,49,38,2,0
2275,Kalamazoo_College,MI,3,553,440,352,452,696,569,440,571,36,25,24,7,0
2282,Madonna_University,MI,3,482,395,352,382,576,465,430,459,19,12,42,11,0
2284,Marygrove_College,MI,3,433,365,290,348,534,450,358,429,7,26,13,3,0
2290,Michigan_State_University,MI,1,651,493,413,555,843,663,569,732,949,494,350,47,1
2292,Michigan_Technological_Univ,MI,2,668,482,420,511,854,638,563,671,99,124,95,11,1
2293,Lake_Superior_State_Univ,MI,3,510,446,357,422,661,596,473,557,32,35,38,7,0
2301,Northern_Michigan_University,MI,2,571,459,347,467,749,609,468,619,149,72,61,21,1
2307,Oakland_University,MI,2,633,518,432,534,831,690,582,710,123,142,85,8,1
2308,Olivet_College,MI,3,400,?,306,329,487,?,357,390,13,4,23,2,0
2314,Saginaw_Valley_State_Univ,MI,2,499,448,364,446,642,586,482,580,91,40,29,6,0
2316,Siena_Heights_College,MI,3,?,342,300,325,?,443,383,418,2,31,23,1,0
2318,Spring_Arbor_College,MI,3,368,321,284,320,455,398,370,400,22,15,19,6,0
2326,Univof_Michigan-Dearborn,MI,2,552,452,408,451,701,583,531,582,70,66,51,0,0
2327,Univof_Michigan-Flint,MI,2,566,460,409,437,708,582,522,555,43,46,57,1,0
2329,Wayne_State_University,MI,1,683,525,447,535,846,664,560,669,317,267,216,8,1
2330,Western_Michigan_University,MI,1,603,489,396,502,755,620,505,633,285,233,189,24,1
4673,Baker_College_of_Flint,MI,3,?,?,370,385,?,?,481,496,5,4,25,2,0
6771,Center_for_Creative_Studies,MI,3,401,333,263,360,489,413,331,442,29,11,6,2,0
9092,Univof_Michigan-Ann_Arbor,MI,1,777,577,460,605,955,731,595,760,850,419,472,9,1
2334,Augsburg_College,MN,3,432,356,314,357,559,449,387,450,35,29,58,1,0
2336,Bemidji_State_University,MN,2,490,403,341,419,629,520,443,539,91,40,50,11,0
2340,Carleton_College,MN,3,638,486,394,521,807,604,505,659,68,36,45,4,0
2341,College_of_Saint_Benedict,MN,3,493,404,334,381,595,512,405,468,18,50,47,8,0
2342,College_of_St_Catherine,MN,3,428,369,326,356,515,448,385,427,27,53,54,9,0
2343,College_of_St_Scholastica,MN,3,461,374,327,345,568,466,421,436,14,31,50,18,0
2345,University_of_St_Thomas,MN,2,563,429,366,402,702,538,465,508,31,104,146,29,1
2346,Concordia_College-Moorhead,MN,3,527,419,356,413,638,503,426,496,47,38,60,21,0
2347,Concordia_College-St_Paul,MN,3,407,363,319,353,493,443,394,433,14,12,23,1,0
2353,Gustavus_Adolphus_College,MN,3,486,402,338,408,625,507,423,518,59,47,44,12,0
2354,Hamline_University,MN,2,556,451,342,461,706,575,424,583,58,29,27,8,0
2358,Macalester_College,MN,3,639,492,406,514,807,622,500,645,46,32,36,7,0
2360,Mankato_State_University,MN,2,523,441,371,453,662,567,482,580,210,138,125,16,1
2367,Moorhead_State_University,MN,2,512,421,353,419,651,544,461,540,131,65,120,29,1
2371,Northwestern_College,MN,3,373,339,313,333,510,454,406,441,13,16,27,1,0
2375,Southwest_State_University,MN,3,525,417,355,459,686,551,466,602,57,40,19,1,0
2377,St_Cloud_State_University,MN,2,518,417,354,441,662,546,464,570,259,143,146,25,1
2379,St_Johns_University,MN,3,512,412,353,418,672,523,435,532,37,44,38,6,0
2380,Saint_Marys_Coll_of_Minn,MN,2,488,396,295,389,595,483,358,473,28,23,27,3,0
2382,St_Olaf_College,MN,3,551,417,355,446,673,509,430,543,82,93,49,11,0
2388,Univ_Minnesota-Duluth,MN,2,551,446,386,458,719,591,520,606,90,112,72,11,1
2389,Univ_Minnesota-Morris,MN,3,533,399,334,389,697,534,457,522,27,23,45,17,0
2394,Winona_State_University,MN,3,515,420,358,430,652,537,454,547,118,73,85,17,1
3969,Univ_Minnesota-Twin_Cities,MN,1,662,468,418,557,842,613,552,719,785,468,271,12,1
9058,Bethel_College,MN,3,430,356,313,375,597,464,404,503,43,48,12,7,0
2449,Avila_College,MO,3,379,340,295,317,459,404,349,377,10,13,17,12,0
2453,Central_Methodist_College,MO,3,402,336,252,310,478,403,308,374,11,20,22,3,0
2454,Central_Missouri_State_Univ,MO,2,517,440,379,429,630,538,467,526,158,103,135,53,1
2456,Columbia_College,MO,3,362,307,273,299,437,375,336,364,10,11,22,3,0
2460,Culver-Stockton_College,MO,3,396,348,297,332,463,406,347,388,9,20,22,1,0
2461,Drury_College,MO,3,448,394,323,375,546,483,400,460,26,23,31,2,0
2466,Harris-Stowe_State_College,MO,3,350,298,302,304,431,370,374,377,12,6,8,14,0
2473,Kansas_City_Art_Institute,MO,3,440,?,299,373,535,?,357,450,26,1,13,7,0
2479,Lincoln_University,MO,2,414,335,282,308,506,413,350,381,22,22,45,30,0
2480,Lindenwood_College,MO,2,416,367,306,340,477,422,354,392,15,27,55,0,0
2482,Maryville_Univ_of_StLouis,MO,2,449,355,310,359,548,434,378,442,26,13,27,12,0
2488,Missouri_Southern_State_Coll,MO,3,489,406,349,389,592,496,430,476,42,50,67,28,0
2489,Missouri_Valley_College,MO,3,?,318,285,302,?,379,334,357,4,18,22,3,0
2490,Missouri_Western_State_Coll,MO,3,473,393,334,385,580,483,414,474,44,44,64,9,0
2495,Northeast_Missouri_St_Univ,MO,2,505,411,342,385,615,502,422,473,54,103,142,27,1
2496,Northwest_Missouri_St_Univ,MO,2,526,404,348,379,634,490,425,461,48,49,85,36,0
2498,Park_College,MO,3,341,320,283,299,407,388,336,356,10,8,24,3,0
2499,Rockhurst_College,MO,3,448,380,350,369,548,460,422,448,15,31,33,9,0
2500,College_of_The_Ozarks,MO,3,446,392,350,393,547,483,425,482,27,25,23,4,0
2501,Southeast_Missouri_St_Univ,MO,2,505,432,359,416,612,527,441,508,113,99,106,45,1
2503,Southwest_Missouri_St_Univ,MO,2,516,422,364,417,617,510,441,502,247,151,180,43,1
2506,Saint_Louis_Univ-Main,MO,1,657,475,402,500,783,575,484,600,133,111,120,31,1
2512,Stephens_College,MO,3,?,?,?,282,?,?,?,364,0,0,0,0,0
2516,Univof_Missouri-Columbia,MO,1,603,456,407,485,729,560,499,592,336,256,244,63,1
2517,Univof_Missouri-Rolla,MO,1,663,508,454,564,802,626,557,686,114,79,56,4,0
2518,Univof_Missouri-Kansas_City,MO,1,580,445,381,473,702,545,467,577,151,167,107,9,1
2519,Univof_Missouri-St_Louis,MO,1,576,460,412,476,699,561,503,579,86,103,110,5,1
2520,Washington_University,MO,1,782,534,451,601,952,652,540,730,264,136,175,18,1
2521,Webster_University,MO,2,505,435,325,395,623,542,414,495,28,29,55,0,0
2523,Westminster_College,MO,3,451,390,298,381,549,481,361,465,17,17,12,4,0
2524,William_Jewell_College,MO,3,422,342,306,364,529,458,391,463,42,12,31,3,0
2525,William_Woods_University,MO,3,370,303,290,312,476,374,350,390,13,13,13,5,0
7540,Missouri_Baptist_College,MO,3,?,294,281,265,?,389,360,344,1,7,10,11,0
9089,Hannibal-LaGrange_College,MO,3,?,284,248,258,?,366,308,324,4,8,21,5,0
2396,Alcorn_State_University,MS,3,419,371,326,320,534,473,414,406,25,35,35,73,0
2397,Belhaven_College,MS,3,364,304,298,314,423,355,348,366,9,8,15,2,0
2398,Blue_Mountain_College,MS,3,284,259,?,263,347,315,?,322,6,12,5,2,0
2403,Delta_State_University,MS,2,400,337,314,337,487,413,386,413,60,32,47,36,0
2410,Jackson_State_University,MS,2,425,391,337,362,511,471,407,436,81,79,114,54,1
2414,Millsaps_College,MS,3,498,376,322,387,615,478,381,475,25,27,29,4,0
2422,Mississippi_Univ_for_Women,MS,2,400,?,306,324,492,?,379,400,33,5,44,30,0
2423,Mississippi_State_University,MS,1,540,432,389,455,649,521,471,548,278,191,155,40,1
2424,Mississippi_Valley_St_Univ,MS,3,359,331,287,297,456,423,370,382,25,17,38,26,0
2433,Rust_College,MS,3,341,280,302,285,382,313,337,318,11,8,24,18,0
2439,Tougaloo_College,MS,3,300,267,244,262,370,327,289,318,17,22,18,9,0
2440,University_of_Mississippi,MS,1,558,428,384,440,676,524,471,537,138,111,158,29,1
2441,Univof_Southern_Mississippi,MS,1,562,438,352,438,664,520,420,520,183,162,160,58,1
2526,Carroll_College,MT,3,394,343,285,326,478,413,344,394,12,23,29,0,0
2527,College_of_Great_Falls,MT,3,361,305,258,299,459,367,312,364,10,19,7,7,0
2530,Eastern_Montana_College,MT,2,409,358,292,348,500,440,364,430,47,41,48,5,0
2531,Montana_CollMinSci_and__Tech,MT,2,481,395,336,420,583,484,416,512,45,17,18,6,0
2532,Montana_State_University,MT,1,497,397,346,407,602,487,427,498,154,146,144,24,1
2533,Northern_Montana_College,MT,2,403,342,309,332,493,425,384,411,15,19,41,3,0
2536,University_of_Montana,MT,1,446,365,323,392,537,442,395,474,200,79,95,16,1
2537,Western_Montana_Collof_UM,MT,2,388,330,289,313,473,407,359,386,8,12,22,4,0
2905,North_Carolina_A_and_T_St_Univ,NC,2,524,448,409,432,637,547,496,526,68,106,116,15,1
2906,Appalachian_State_University,NC,2,491,413,366,424,598,505,448,518,249,117,113,19,1
2907,Univ_of_NC_at_Asheville,NC,3,533,436,350,417,647,532,430,510,40,41,37,4,0
2908,Barton_College,NC,3,348,312,299,311,411,372,349,365,18,25,37,3,0
2909,Barber-Scotia_College,NC,3,352,312,287,297,412,360,335,347,13,12,14,13,0
2910,Belmont_Abbey_College,NC,3,348,316,281,309,434,392,350,384,8,21,17,0,0
2911,Bennett_College,NC,3,351,377,300,323,418,437,346,375,9,16,16,11,0
2914,Catawba_College,NC,3,395,326,288,342,490,394,345,418,30,12,23,1,0
2918,Davidson_College,NC,3,626,460,356,506,801,591,440,644,60,34,32,4,0
2920,Duke_University,NC,1,854,584,459,699,1055,728,553,862,330,149,141,0,1
2923,East_Carolina_University,NC,2,554,430,377,415,672,525,462,507,189,187,261,11,1
2926,Elizabeth_City_State_Univ,NC,3,472,415,338,398,580,510,420,489,32,32,16,3,0
2927,Elon_College,NC,3,459,388,331,372,572,482,401,456,30,38,64,6,0
2928,Fayetteville_State_Univ,NC,2,525,437,375,407,640,536,460,499,27,72,50,4,0
2929,Gardner-Webb_University,NC,3,348,305,294,312,414,357,349,371,39,7,26,15,0
2930,Greensboro_College,NC,3,377,331,309,333,456,400,367,404,11,21,10,2,0
2931,Guilford_College,NC,3,492,414,338,410,615,505,407,503,32,22,29,5,0
2933,High_Point_University,NC,3,475,397,330,349,591,496,407,435,14,25,35,9,0
2936,Johnson_C_Smith_University,NC,3,408,357,303,327,485,427,367,394,11,27,34,12,0
2941,Lenoir-Rhyne_College,NC,3,377,323,295,345,462,410,357,426,47,26,17,1,0
2942,Livingstone_College,NC,3,?,257,263,259,?,292,298,294,5,12,22,14,0
2944,Mars_Hill_College,NC,3,356,308,259,309,426,378,309,372,35,16,18,11,0
2945,Meredith_College,NC,3,440,373,328,366,517,442,387,431,26,30,31,16,0
2946,Methodist_College,NC,3,348,309,295,316,416,371,353,379,21,21,19,1,0
2948,Montreat-Anderson_College,NC,3,?,304,274,299,?,393,355,393,4,12,8,0,0
2950,North_Carolina_Central_Univ,NC,2,551,447,373,423,670,547,460,518,56,84,70,9,1
2951,North_Carolina_Wesleyan_Coll,NC,3,384,317,299,320,478,385,360,389,10,13,20,2,0
2954,Pembroke_State_University,NC,2,538,403,341,413,655,495,421,505,49,32,31,2,0
2955,Pfeiffer_College,NC,3,395,322,269,337,471,381,321,401,23,9,15,2,0
2957,Queens_College,NC,3,427,360,319,350,511,437,384,422,14,21,20,8,0
2960,Salem_College,NC,3,378,349,283,324,466,451,349,407,9,15,17,3,0
2962,Shaw_University,NC,3,?,321,293,292,?,383,348,345,5,19,43,25,0
2972,North_Carolina_State_Univ,NC,1,665,475,417,505,797,578,508,610,463,345,200,12,1
2974,Univ_of_NC_at_Chapel_Hill,NC,1,701,512,410,565,837,620,498,678,572,329,212,18,1
2975,Univ_of_NC_at_Charlotte,NC,2,568,448,385,441,686,546,470,536,173,189,197,0,1
2976,Univ_of_NC_at_Greensboro,NC,1,610,443,377,435,735,540,461,529,140,178,135,8,1
2978,Wake_Forest_University,NC,2,685,526,433,557,837,641,508,674,135,86,74,18,1
2979,Warren_Wilson_College,NC,3,?,?,?,283,?,?,?,352,0,0,0,0,0
2981,Western_Carolina_University,NC,2,515,439,364,414,627,537,448,506,71,106,93,1,1
2984,Univ_of_NC_at_Wilmington,NC,2,533,419,366,421,648,511,449,514,94,105,108,1,1
2985,Wingate_College,NC,3,380,308,301,320,469,385,366,394,23,25,24,7,0
2986,Winston-Salem_State_Univ,NC,3,480,421,365,407,587,516,451,500,39,48,30,6,0
2989,Dickinson_State_University,ND,3,402,342,302,316,506,432,376,397,9,14,33,13,0
2993,Mayville_State_University,ND,3,415,?,313,340,519,?,399,429,9,4,21,3,0
2994,Minot_State_University,ND,2,457,383,331,347,563,477,416,436,34,41,68,16,0
3005,Univ_of_North_Dakota-Main,ND,1,460,391,345,379,572,489,431,473,130,124,163,27,1
3008,Valley_City_State_University,ND,3,403,368,313,340,501,462,383,425,12,14,16,6,0
9265,North_Dakota_State_Univ,ND,2,473,391,353,398,545,458,420,467,130,125,149,6,1
2539,Chadron_State_College,NE,2,491,404,329,390,593,500,406,476,33,20,19,19,0
2540,College_of_Saint_Mary,NE,3,?,321,293,300,?,395,347,362,5,13,19,6,0
2541,Concordia_Teachers_College,NE,3,352,316,282,320,423,390,357,393,22,16,15,1,0
2542,Creighton_University,NE,2,649,462,351,437,793,562,418,529,66,119,127,22,1
2543,Dana_College,NE,3,338,300,276,300,404,368,336,364,11,11,11,3,0
2544,Doane_College,NE,3,436,392,326,360,521,465,391,431,17,7,28,5,0
2548,Hastings_College,NE,3,426,359,305,353,516,434,369,426,19,19,24,4,0
2551,Univ_of_Nebraska_at_Kearney,NE,2,509,433,365,409,618,533,448,502,81,89,92,9,1
2553,Midland_Lutheran_College,NE,3,372,?,278,301,449,?,346,371,14,4,25,9,0
2554,Univof_Nebraska_at_Omaha,NE,2,528,446,417,452,635,540,507,547,149,115,97,36,1
2555,Nebraska_Wesleyan_University,NE,3,454,381,327,396,548,468,400,481,37,23,25,2,0
2559,Peru_State_College,NE,3,483,402,308,367,584,493,385,452,14,8,19,9,0
2563,Union_College,NE,3,290,293,272,288,358,359,334,354,18,14,7,1,0
2565,Univof_Nebraska-Lincoln,NE,1,661,477,410,523,792,584,505,635,436,344,316,31,1
2566,Wayne_State_College,NE,2,481,411,324,394,585,501,399,482,46,25,41,13,0
9743,Bellevue_College,NE,3,379,340,289,317,449,404,346,378,6,12,23,0,0
9862,Clarkson_College,NE,3,?,407,377,368,?,469,434,425,1,6,8,11,0
2572,Colby-Sawyer_College,NH,3,397,380,277,329,488,468,349,410,9,9,19,1,0
2573,Dartmouth_College,NH,1,785,536,429,610,1002,686,532,774,163,89,114,5,1
2575,Franklin_Pierce_College,NH,3,470,382,323,399,605,487,412,510,28,29,17,2,0
2579,New_England_College,NH,3,423,329,251,327,551,437,313,423,20,20,23,2,0
2580,New_Hampshire_College,NH,2,567,425,356,459,728,558,464,597,31,32,15,5,0
2584,Notre_Dame_College,NH,3,335,299,261,286,393,383,312,349,6,11,13,4,0
2586,Rivier_College,NH,2,449,363,331,365,541,419,392,429,12,29,18,7,0
2587,Saint_Anselm_College,NH,3,512,403,338,381,633,508,435,483,16,35,51,7,0
2589,University_of_New_Hampshire,NH,1,587,454,375,482,729,575,483,607,196,253,127,0,1
2590,Keene_State_College,NH,3,494,417,337,426,622,532,439,542,61,46,40,2,0
2591,Plymouth_State_College,NH,3,518,405,354,431,650,518,458,548,59,55,38,6,0
2597,Bloomfield_College,NJ,3,476,434,354,406,602,547,443,510,12,13,17,4,0
2599,Centenary_College,NJ,3,?,305,252,266,?,371,310,326,1,10,16,9,0
2600,College_of_Saint_Elizabeth,NJ,3,426,388,322,365,490,437,384,420,9,19,16,3,0
2603,Drew_University,NJ,2,603,463,386,529,762,580,479,664,61,28,15,4,0
2608,Georgian_Court_College,NJ,3,490,425,373,403,592,509,450,487,19,13,30,8,0
2610,Felician_College,NJ,3,?,351,311,320,?,422,375,385,1,14,24,5,0
2613,Jersey_City_State_College,NJ,3,649,525,405,520,840,697,558,692,80,66,90,1,0
2616,Monmouth_College,NJ,2,616,509,408,519,783,668,523,669,41,55,29,1,0
2617,Montclair_State_College,NJ,2,647,521,417,532,802,661,541,672,155,130,125,9,1
2621,New_Jersey_Inst_of_Tech,NJ,2,771,606,501,615,976,790,670,799,104,98,71,0,1
2622,Kean_College_of_New_Jersey,NJ,2,640,516,423,525,833,691,582,700,115,107,115,3,1
2625,William_Paterson_College,NJ,3,653,519,409,535,859,687,541,707,120,97,88,7,1
2627,Princeton_University,NJ,1,963,564,437,749,1154,686,534,901,402,66,179,16,1
2628,Rider_College,NJ,2,636,552,511,564,764,668,604,677,59,103,41,1,0
2631,Rutgers_State_Univ-Newark,NJ,2,893,640,526,693,1097,812,682,871,141,125,73,16,1
2632,Seton_Hall_University,NJ,2,736,557,414,553,894,683,507,675,98,110,101,13,1
2638,Saint_Peters_College,NJ,3,477,391,317,404,600,498,412,514,46,42,21,5,0
2639,Stevens_Institute_of_Tech,NJ,2,647,494,415,544,807,634,525,685,66,37,30,4,0
2642,Trenton_State_College,NJ,3,644,524,422,525,845,691,557,690,108,81,123,1,1
4741,Rutgers_State_Univ-Camden,NJ,2,860,633,510,648,1060,805,664,820,61,73,61,6,0
6964,Rutgers_State_Univ-NBrswck,NJ,1,846,611,478,665,1045,780,624,838,601,393,258,90,1
8770,Fairleigh_Dickinson_Univ,NJ,2,530,440,404,459,692,579,517,597,147,63,54,8,1
9344,Ramapo_College_of_New_Jersey,NJ,3,645,527,407,532,835,701,563,706,49,40,41,1,0
9345,Stockton_State_College,NJ,3,656,496,393,492,790,607,490,603,47,58,65,8,0
2093,Saint_Johns_College,NM,3,?,?,?,442,?,?,?,587,0,0,0,0,0
2651,Eastern_New_Mexico_Univ,NM,2,497,377,321,360,605,466,399,446,21,42,63,11,0
2653,New_Mexico_Highlands_Univ,NM,2,435,362,305,349,541,454,386,439,26,32,59,0,0
2654,New_Mexico_Inst_Min_and_Tech,NM,1,538,421,405,448,648,512,494,544,39,32,29,5,0
2657,New_Mexico_St_Univ-_Main,NM,1,524,433,360,434,641,531,444,533,202,167,196,17,1
10313,Univ_New_Mexico-Albuquerque,NM,1,579,431,379,466,693,521,459,561,314,268,195,0,1
2568,University_of_Nevada_-_Reno,NV,1,647,480,390,508,741,558,458,589,145,133,95,5,1
2569,Univ_of_Nevada-Las_Vegas,NV,2,596,476,392,452,699,564,468,537,152,192,214,0,1
2667,Dowling_College,NY,3,661,596,484,563,891,822,679,776,25,29,36,3,0
2668,Alfred_University,NY,2,520,427,367,439,641,538,467,548,46,25,36,6,0
2671,Bard_College,NY,3,657,460,365,521,860,605,481,683,40,15,29,0,0
2681,Canisius_College,NY,2,542,480,370,468,679,599,450,582,57,73,51,0,0
2685,Cazenovia_College,NY,3,443,354,295,337,549,445,374,423,8,13,21,3,0
2699,Clarkson_University,NY,1,703,515,475,563,875,658,593,707,55,58,43,5,0
2701,Colgate_University,NY,3,669,505,406,539,848,637,497,677,78,61,56,3,0
2703,College_of_Mount_St_Vincent,NY,3,?,388,336,366,?,476,410,450,5,24,20,7,0
2704,College_of_New_Rochelle,NY,2,539,449,391,447,693,579,499,574,11,38,17,1,0
2705,College_of_Saint_Rose,NY,2,456,408,329,374,534,503,403,455,19,50,46,14,0
2707,Columbia_University,NY,1,882,554,452,687,1136,767,646,915,477,185,199,11,1
2708,Barnard_College,NY,3,733,516,395,508,943,652,509,654,49,19,56,6,0
2709,Concordia_College,NY,3,352,289,275,303,436,366,363,387,11,6,14,1,0
2710,Cooper_Union_for_AdvSci_and_Art,NY,3,684,514,433,607,872,673,600,784,35,18,6,0,0
2711,Cornell_Univ-Endowed_Colls,NY,1,787,562,482,627,1047,748,640,834,447,189,148,3,1
2711,Cornell_Univ-Statutory_Clls,NY,1,651,511,431,549,847,691,598,732,318,231,105,41,1
2712,DYouville_College,NY,3,404,385,327,359,485,456,390,427,15,22,32,7,0
2713,Dominican_College,NY,3,?,400,354,365,?,508,438,454,4,10,19,9,0
2718,Elmira_College,NY,3,497,342,306,359,666,449,395,472,13,24,26,0,0
2722,Fordham_University,NY,1,744,573,444,590,945,729,557,748,166,183,140,9,1
2728,Hamilton_College,NY,3,631,478,377,478,801,608,475,604,46,37,54,12,0
2729,Hartwick_College,NY,3,505,423,340,419,628,517,409,513,50,23,36,0,0
2731,Hobart-William_Smith_Colls,NY,3,605,462,352,495,749,579,431,614,61,39,34,3,0
2732,Hofstra_University,NY,1,757,550,470,584,956,692,579,731,127,131,141,7,1
2734,Houghton_College,NY,3,370,323,265,327,487,424,343,428,30,29,17,1,0
2735,Hilbert_College,NY,3,318,?,261,278,376,?,315,336,6,3,12,7,0
2737,Iona_College,NY,2,594,462,393,461,756,594,496,587,42,81,59,10,0
2739,Ithaca_College,NY,3,606,484,366,443,761,605,461,557,70,153,184,21,1
2744,Keuka_College,NY,3,403,346,283,338,473,412,335,399,15,8,19,0,0
2748,Le_Moyne_College,NY,3,542,455,365,445,684,576,465,564,30,50,36,3,0
2758,Manhattan_College,NY,2,595,500,388,488,767,627,495,621,45,74,50,3,0
2765,Marist_College,NY,3,580,485,373,417,741,643,481,542,16,34,91,0,0
2768,Marymount_Coll_Tarrytown,NY,3,426,349,297,357,546,442,383,455,17,24,13,2,0
2769,Marymount_Manhattan_College,NY,3,?,407,332,382,?,495,407,464,4,26,19,0,0
2772,Mercy_College,NY,3,524,399,341,416,640,493,423,511,53,38,48,6,0
2775,Molloy_College,NY,3,541,435,353,381,697,551,463,494,16,20,58,22,0
2777,Medaille_College,NY,3,435,371,276,349,525,446,322,418,11,16,13,2,0
2778,Mount_Saint_Mary_College,NY,3,514,407,349,395,633,505,424,482,14,8,23,6,0
2779,Nazareth_Coll_of_Rochester,NY,3,513,428,343,430,634,533,425,532,37,33,35,0,0
2785,New_York_University,NY,1,887,591,507,683,1172,785,674,905,532,337,252,42,1
2788,Niagara_University,NY,2,503,430,376,443,612,524,448,537,39,43,24,2,0
2791,Pace_University,NY,2,685,513,436,576,851,643,556,720,187,124,77,3,1
2803,Rensselaer_Polytechnic_Inst,NY,1,750,548,475,640,922,703,601,799,190,118,61,0,1
2806,Rochester_Institute_of_Tech,NY,2,568,476,417,466,710,603,527,587,182,215,179,13,1
2810,Russell_Sage_College,NY,2,487,409,351,397,609,506,435,493,19,56,37,6,0
2813,Sarah_Lawrence_College,NY,3,623,478,398,541,779,610,495,677,39,14,13,0,0
2814,Skidmore_College,NY,3,642,492,397,498,831,639,516,646,42,69,48,5,0
2816,Siena_College,NY,3,515,429,357,434,667,567,474,570,52,53,49,1,0
2817,StBonaventure_University,NY,2,492,398,377,425,642,535,495,562,56,51,43,4,0
2820,St_Francis_College,NY,3,543,466,350,446,689,607,457,573,22,14,14,7,0
2821,St_John_Fisher_College,NY,3,513,427,376,432,635,512,451,524,29,40,36,1,0
2825,Saint_Josephs_College,NY,3,495,398,349,372,584,478,419,446,12,15,46,8,0
2829,St_Lawrence_University,NY,3,627,473,366,488,799,613,472,627,50,56,40,7,0
2832,St_Thomas_Aquinas_College,NY,3,510,408,374,419,617,526,454,515,18,16,26,3,0
2835,SUNY_at_Albany,NY,1,732,526,407,576,934,679,524,739,260,217,125,0,1
2836,SUNY_at_Binghamton,NY,1,705,511,407,555,902,665,528,716,172,175,82,0,1
2838,SUNY_at_Stony_Brook,NY,1,755,534,414,589,961,688,526,751,346,216,183,24,1
2841,SUNY_College_at_Brockport,NY,2,603,501,397,492,778,651,509,636,87,107,88,0,1
2842,SUNY_College_at_Buffalo,NY,2,536,433,359,444,693,560,464,573,144,157,88,3,1
2843,SUNY_College_at_Cortland,NY,2,530,411,341,432,691,537,439,563,85,76,66,0,0
2844,SUNY_College_at_Fredonia,NY,2,562,438,350,450,731,569,451,585,93,65,54,15,0
2845,SUNY_College_at_Geneseo,NY,2,541,411,348,405,704,536,448,525,48,78,79,23,0
2846,SUNY_College_at_New_Paltz,NY,2,584,458,373,462,758,594,480,598,90,96,73,0,1
2847,SUNY_College_at_Oneonta,NY,2,539,428,362,440,705,557,467,571,93,78,81,1,1
2848,SUNY_College_at_Oswego,NY,2,537,427,339,441,702,556,435,574,111,105,78,4,1
2849,SUNY_College_at_Plattsburgh,NY,2,538,435,343,445,701,566,441,578,107,76,71,1,1
2850,SUNY_College_at_Potsdam,NY,2,531,413,337,424,691,539,436,552,78,63,52,9,0
2882,Syracuse_University,NY,1,648,475,394,526,851,645,528,701,371,301,205,10,1
2883,Syracuse_Univ-Utica_College,NY,3,487,394,339,401,642,520,439,527,27,46,32,0,0
2889,Union_College,NY,2,638,508,399,512,841,677,501,667,60,50,54,9,0
2894,University_of_Rochester,NY,1,747,520,434,611,895,626,520,733,252,130,110,7,1
2895,Vassar_College,NY,3,674,517,408,523,879,669,512,674,70,60,66,9,0
2899,Wagner_College,NY,3,457,366,326,368,587,477,438,483,20,17,31,4,0
2901,Wells_College,NY,3,464,373,318,396,568,454,389,484,21,10,14,0,0
4779,Long_Island_University,NY,2,631,513,408,531,825,672,520,690,233,175,124,22,1
4804,New_York_Inst_of_Technology,NY,2,569,492,410,491,726,642,546,639,68,106,43,11,0
6791,SUNY_College_at_Purchase,NY,3,534,432,362,437,696,565,468,570,29,52,28,0,0
6792,SUNY_CollTech_Utica-Rome,NY,2,536,457,414,444,701,591,529,573,8,48,19,8,0
7109,SUNY_College_at_Old_Westbury,NY,3,592,480,374,466,758,616,485,599,36,42,40,8,0
9554,SUNY_at_Buffalo,NY,1,762,548,423,601,970,704,534,767,400,338,218,9,1
10286,SUNY_Empire_State_College,NY,3,543,437,361,430,706,562,468,554,33,47,35,3,0
3011,Art_Academy_of_Cincinnati,OH,3,?,286,?,304,?,354,?,371,5,6,5,1,0
3012,Ashland_University,OH,3,484,418,329,398,624,530,437,515,52,58,58,4,0
3014,Baldwin-Wallace_College,OH,3,530,431,360,464,662,552,464,587,74,39,35,0,0
3016,Bluffton_College,OH,3,368,309,272,312,466,389,347,399,16,13,19,1,0
3018,Bowling_Green_State_Univ,OH,1,620,481,394,483,817,644,530,643,226,212,180,65,1
3023,Capital_University,OH,2,563,405,334,424,704,540,429,543,54,36,57,11,0
3024,Case_Western_Reserve_Univ,OH,1,754,518,470,585,948,663,600,744,213,133,126,58,1
3025,Cedarville_College,OH,3,419,364,300,346,527,459,379,436,32,37,60,3,0
3032,Cleveland_State_University,OH,2,611,459,390,486,750,575,495,606,166,223,128,14,1
3033,College_of_Mount_St_Joseph,OH,3,477,412,339,360,575,482,401,423,10,21,52,17,0
3036,Franciscan_UnivSteubenville,OH,3,445,362,300,349,580,440,405,449,15,32,34,2,0
3037,College_of_Wooster,OH,3,561,411,346,449,735,518,429,575,52,24,44,2,0
3038,Mount_Union_College,OH,3,476,394,325,399,609,508,412,509,25,21,17,7,0
3041,Defiance_College_The,OH,3,373,333,277,326,438,388,330,382,14,18,11,0,0
3042,Denison_University,OH,3,558,414,346,445,757,528,439,584,58,32,55,0,0
3045,University_of_Findlay,OH,3,417,370,301,330,526,470,369,413,18,29,51,7,0
3046,Franklin_University,OH,3,?,?,?,345,?,?,?,438,0,0,0,0,0
3048,Heidelberg_College,OH,3,399,334,298,331,491,407,349,397,17,18,24,8,0
3049,Hiram_College,OH,3,468,367,302,373,602,469,379,474,28,22,20,11,0
3050,John_Carroll_University,OH,2,587,473,389,465,717,586,490,576,59,56,74,14,0
3051,Kent_State_Univ-Kent_Campus,OH,1,654,473,389,502,810,602,505,636,221,244,203,14,1
3065,Kenyon_College,OH,3,608,439,381,480,777,552,475,608,49,36,38,8,0
3069,Lourdes_College,OH,3,?,330,283,280,?,413,371,361,2,8,15,22,0
3072,Malone_College,OH,3,410,352,306,343,515,441,383,432,20,18,26,4,0
3073,Marietta_College,OH,3,445,366,298,370,569,464,367,470,27,18,19,5,0
3084,Muskingum_College,OH,3,446,365,290,353,574,461,378,453,19,19,28,3,0
3085,Notre_Dame_College_of_Ohio,OH,3,?,294,269,290,?,346,318,340,5,9,15,0,0
3086,Oberlin_College,OH,3,588,454,385,507,789,605,491,673,121,69,43,6,0
3089,Ohio_Northern_University,OH,3,511,431,371,437,639,546,465,550,55,53,39,8,0
3092,Ohio_State_Univ-Lima,OH,3,?,460,335,384,?,567,424,480,3,14,19,3,0
3093,Ohio_State_Univ-Mansfield,OH,3,?,396,350,375,?,494,441,470,2,19,18,2,0
3094,Ohio_State_Univ-Marion,OH,3,508,424,337,410,622,526,426,510,6,10,9,1,0
3095,Ohio_State_Univ-Newark,OH,3,?,417,353,392,?,518,445,489,4,13,17,2,0
3100,Ohio_University-Athens,OH,1,632,486,393,512,786,618,512,648,248,241,192,4,1
3109,Ohio_Wesleyan_University,OH,3,541,395,354,453,726,584,500,626,67,25,42,2,0
3110,Otterbein_College,OH,3,459,372,329,363,600,467,399,457,22,42,56,10,0
3121,Tiffin_University,OH,3,485,379,334,379,593,470,410,466,6,7,14,0,0
3123,Univ_of_Akron-_Main_Campus,OH,1,577,448,387,479,718,567,497,603,278,253,147,39,1
3125,Univof_Cinti-Main_Campus,OH,1,666,483,393,535,856,622,506,688,447,410,244,12,1
3127,University_of_Dayton,OH,2,590,479,392,482,765,616,495,618,123,159,130,7,1
3131,University_of_Toledo,OH,1,608,457,379,486,750,572,481,607,217,152,167,20,1
3133,Urbana_University,OH,3,335,266,241,272,425,314,297,333,9,12,14,1,0
3134,Ursuline_College,OH,3,413,350,297,306,476,410,361,363,8,10,20,24,0
3135,Walsh_University,OH,3,407,344,278,346,504,427,352,432,17,19,10,0,0
3142,Wilmington_College,OH,3,407,357,303,335,481,430,364,401,10,18,32,1,0
3143,Wittenberg_University,OH,3,546,413,341,438,704,543,436,567,49,55,32,6,0
3144,Xavier_University,OH,2,571,473,378,449,712,586,467,557,58,75,78,19,0
3145,Youngstown_State_University,OH,2,591,450,362,481,723,562,461,597,204,116,106,33,1
6883,Ohio_State_Univ-Main_campus,OH,1,703,491,415,555,846,603,516,676,758,679,443,30,1
7104,Miami_University,OH,1,616,474,376,478,797,614,487,619,258,225,219,60,1
8795,Antioch_University,OH,2,441,348,300,316,571,457,398,418,30,15,17,3,0
9168,Wright_State_University-Main,OH,2,642,468,385,465,781,580,485,576,126,176,132,45,1
12748,Shawnee_State_University,OH,3,510,439,368,411,658,563,502,537,15,54,35,15,0
3150,Cameron_University,OK,3,426,360,329,345,531,452,415,434,44,35,63,34,0
3151,Bartlesville_Wesleyan_Coll,OK,3,?,?,?,264,?,?,?,358,0,0,0,0,0
3152,University_of_Central_Okla,OK,2,503,442,384,416,606,536,469,505,108,57,166,58,1
3154,East_Central_University,OK,3,453,407,352,378,538,488,429,456,39,31,64,23,0
3157,Langston_University,OK,3,459,375,313,342,545,454,383,415,12,31,34,29,0
3161,Northeastern_State_Univ,OK,3,455,374,348,377,554,462,431,464,80,49,71,52,0
3163,Northwestern_OklaState_Univ,OK,3,435,397,321,336,522,479,390,407,12,11,30,24,0
3164,Oklahoma_Baptist_University,OK,3,379,335,282,317,467,420,359,399,22,33,42,5,0
3165,Okla_Christian_U_of_S_and_Arts,OK,3,432,372,317,385,527,454,371,466,39,18,15,5,0
3167,Univ_of_Sci_and__Arts_of_Okla,OK,3,427,369,336,362,528,459,434,454,13,18,11,10,0
3170,Oklahoma_State_Univ-Main,OK,1,532,409,373,449,655,509,460,555,342,247,181,11,1
3174,Oklahoma_Panhandle_StUniv,OK,3,427,360,311,346,515,444,386,425,15,14,14,11,0
3175,Phillips_University,OK,3,365,315,273,317,438,381,327,381,16,10,15,1,0
3179,Southeastern_Okla_St_Univ,OK,2,464,407,348,363,558,493,425,440,33,17,61,37,0
3181,Sthwtrn_OklStU-Weatherfrd,OK,2,464,429,382,393,567,528,474,485,56,33,65,44,0
3184,University_of_Oklahoma,OK,1,600,445,368,470,752,563,468,593,286,225,236,24,1
3185,University_of_Tulsa,OK,2,686,500,404,513,835,608,493,625,84,108,73,20,1
1339,Western_Baptist_College,OR,3,?,308,252,285,?,451,340,388,3,7,7,5,0
3191,Concordia_College,OR,3,401,329,307,349,496,414,389,436,13,15,7,1,0
3193,Eastern_Oregon_State_College,OR,3,470,363,309,373,612,482,412,492,20,23,17,5,0
3194,George_Fox_College,OR,3,418,373,302,355,531,468,371,444,20,27,27,3,0
3197,Lewis__and__Clark_College,OR,2,601,442,362,477,749,570,440,598,74,36,47,6,0
3198,Linfield_College,OR,3,481,377,319,397,650,522,448,546,47,47,31,4,0
3208,Northwest_Christian_College,OR,3,?,?,?,292,?,?,?,409,4,5,2,0,0
3209,Western_Oregon_State_College,OR,2,439,354,315,361,575,470,417,472,60,40,33,2,0
3210,Oregon_State_University,OR,1,597,473,400,475,762,615,522,615,206,209,133,46,1
3211,Oregon_Institute_of_Tech,OR,3,500,441,391,438,648,574,512,572,38,32,32,7,0
3212,Pacific_University,OR,2,441,381,341,370,561,469,421,461,28,32,41,7,0
3216,Portland_State_University,OR,1,544,437,382,474,693,564,498,609,205,113,77,16,1
3217,Reed_College,OR,3,596,442,378,495,729,545,463,607,47,20,31,0,0
3219,Southern_Oregon_State_Coll,OR,2,460,371,315,393,598,491,417,517,72,49,25,12,0
3223,University_of_Oregon,OR,1,597,446,375,459,762,579,488,594,240,182,152,89,1
3224,University_of_Portland,OR,2,587,437,387,436,716,542,470,536,26,57,42,2,0
3225,Warner_Pacific_College,OR,3,?,279,216,269,?,340,262,328,4,14,8,0,0
3227,Willamette_University,OR,3,596,390,345,478,758,524,466,621,69,43,28,4,0
3229,Albright_College,PA,3,488,396,359,430,648,514,451,562,39,21,15,3,0
3230,Allegheny_College,PA,3,576,414,332,415,744,537,418,532,36,46,54,8,0
3233,Alvernia_College,PA,3,402,315,295,303,506,370,347,361,7,12,30,11,0
3235,Beaver_College,PA,2,496,405,353,381,652,532,462,500,12,20,32,2,0
3237,Bryn_Mawr_College,PA,2,620,466,379,511,767,605,478,639,65,23,20,3,0
3238,Bucknell_University,PA,2,658,497,415,528,840,637,542,678,84,85,73,1,0
3241,Cabrini_College,PA,3,471,?,354,398,597,?,448,503,15,5,18,3,0
3242,Carnegie-Mellon_University,PA,1,829,566,499,678,994,691,617,820,256,138,125,4,1
3243,Cedar_Crest_College,PA,3,475,392,318,375,591,495,392,468,14,17,29,0,0
3244,Chatham_College,PA,3,492,397,323,394,628,503,407,500,13,12,16,2,0
3245,Chestnut_Hill_College,PA,3,?,322,277,311,?,400,348,391,5,10,18,4,0
3247,College_Misericordia,PA,3,493,425,346,377,578,508,420,455,9,22,48,5,0
3252,Del_Valley_Coll/Sci_and_Agr,PA,3,504,411,347,379,649,511,426,473,10,27,21,15,0
3253,Dickinson_College,PA,3,622,468,380,466,797,601,478,593,35,47,51,7,0
3256,Drexel_University,PA,1,674,496,459,568,843,619,570,709,153,114,73,0,1
3258,Duquesne_University,PA,2,602,469,393,475,753,597,497,601,98,97,113,28,1
3259,Eastern_College,PA,2,442,342,329,363,636,413,398,473,19,17,17,4,0
3262,Elizabethtown_College,PA,3,552,456,371,448,718,581,465,571,30,39,26,6,0
3265,Franklin_and_Marshall_Coll,PA,3,675,481,387,517,902,653,519,694,56,43,44,9,0
3266,Gannon_University,PA,2,453,377,341,365,586,489,434,469,35,54,76,17,0
3267,Geneva_College,PA,3,416,366,312,366,527,475,402,469,17,17,16,0,0
3268,Gettysburg_College,PA,3,627,475,400,485,820,630,516,637,38,65,28,20,0
3270,Gwynedd-Mercy_College,PA,3,356,316,269,280,428,383,330,341,13,18,51,16,0
3274,Haverford_College,PA,3,653,498,392,521,876,702,551,716,40,19,33,3,0
3275,Holy_Family_College,PA,3,480,395,335,364,599,504,432,465,12,14,33,16,0
3276,Immaculata_College,PA,3,451,406,310,385,572,521,399,492,10,8,8,2,0
3277,Indiana_University_of_Penn,PA,2,675,541,425,546,859,708,571,711,243,201,173,41,1
3278,Thomas_Jefferson_University,PA,2,?,505,428,441,?,678,558,578,5,9,24,18,0
3279,Juniata_College,PA,3,488,391,316,419,634,497,427,545,36,20,16,2,0
3282,Kings_College,PA,3,498,427,354,409,641,548,444,520,22,28,45,0,0
3284,Lafayette_College,PA,3,686,517,419,506,873,668,536,647,37,62,71,8,0
3287,La_Salle_University,PA,2,585,482,426,470,733,616,543,597,30,80,95,4,0
3288,Lebanon_Valley_College,PA,3,472,401,362,419,593,512,466,531,28,21,17,1,0
3289,Lehigh_University,PA,1,757,543,448,635,955,700,568,805,216,118,77,4,1
3290,Lincoln_University,PA,3,516,400,348,393,628,492,433,486,22,26,18,12,0
3293,Lycoming_College,PA,3,502,436,352,395,656,575,442,507,16,26,33,11,0
3296,Marywood_College,PA,2,514,429,356,412,635,524,443,508,25,41,52,3,0
3297,Mercyhurst_College,PA,3,444,390,312,339,592,497,390,429,15,25,46,15,0
3298,Messiah_College,PA,3,481,400,351,393,621,514,446,505,34,37,45,15,0
3301,Moravian_College,PA,3,490,406,343,423,624,516,430,537,35,29,19,3,0
3303,Carlow_College,PA,3,497,383,314,359,623,490,397,454,8,18,20,7,0
3304,Muhlenberg_College,PA,3,589,432,359,449,809,568,463,600,36,31,37,2,0
3313,Widener_University,PA,2,670,556,439,529,870,714,567,683,60,136,88,18,1
3315,Bloomsburg_Univ_of_Penn,PA,2,669,538,428,528,856,710,580,696,98,109,131,10,1
3316,California_Univ_of_Penn,PA,2,674,541,436,549,850,700,578,708,112,108,64,25,1
3317,Cheyney_University_of_Penn,PA,2,692,554,379,550,884,732,530,725,35,35,21,7,0
3320,East_Stroudsburg_University,PA,2,676,531,415,526,858,696,556,686,95,72,85,20,1
3321,Edinboro_University_of_Penn,PA,2,676,545,424,516,870,714,570,679,111,86,169,26,1
3322,Kutztown_Univ_of_Penn,PA,2,669,544,418,528,847,707,558,685,119,117,122,25,1
3323,Lock_Haven_University,PA,3,676,544,417,508,820,675,527,631,46,64,61,26,0
3324,Mansfield_Univ_of_Penn,PA,3,665,532,428,516,839,690,568,670,47,60,58,14,0
3325,Millersville_Univ_of_Penn,PA,2,660,552,429,549,842,723,576,716,117,97,100,6,1
3326,Shippensburg_University,PA,2,673,545,425,573,848,706,567,735,148,67,83,3,1
3327,Slippery_Rock_Univ_of_Penn,PA,2,675,532,431,537,836,670,552,676,127,104,138,11,1
3328,West_Chester_Univ_of_Penn,PA,2,667,540,431,533,821,680,554,671,136,163,176,8,1
3354,PhilaCollof_Textiles_and_Sci,PA,3,538,425,362,417,693,571,452,538,17,28,39,1,0
3357,Point_Park_College,PA,3,411,331,290,357,519,430,363,452,33,19,17,1,0
3359,Robert_Morris_College,PA,3,575,454,406,438,724,576,513,554,11,43,42,7,0
3362,Seton_Hill_College,PA,3,489,380,329,368,575,479,403,453,7,23,24,1,0
3366,Saint_Francis_College,PA,3,472,392,323,375,573,481,403,463,20,14,24,8,0
3367,St_Josephs_University,PA,2,594,484,427,487,764,628,539,623,39,50,63,2,0
3368,Saint_Vincent_College,PA,3,436,399,317,363,603,540,406,481,14,20,20,10,0
3369,Susquehanna_University,PA,3,534,420,359,422,661,519,443,521,25,26,33,5,0
3370,Swarthmore_College,PA,3,704,519,417,562,868,651,526,699,68,44,47,2,0
3371,Temple_University,PA,1,736,579,454,606,913,724,568,755,490,332,291,37,1
3376,Thiel_College,PA,3,408,342,287,369,534,443,376,481,33,14,10,1,0
3378,University_of_Pennsylvania,PA,1,881,622,532,744,1086,831,712,945,541,240,212,0,1
3379,Univ_of_Pittsburgh-Main,PA,1,736,516,421,547,910,653,537,688,427,402,373,63,1
3380,Univ_of_Pittsburgh-Bradford,PA,3,489,418,340,373,619,517,419,464,8,14,25,8,0
3381,Univ_of_Pittsburgh-Grnsburg,PA,3,478,401,314,369,602,507,401,467,9,23,14,10,0
3382,Univ_of_Pittsburgh-Johnstwn,PA,3,554,430,322,404,704,538,401,507,16,63,32,17,0
3384,University_of_Scranton,PA,2,565,479,437,475,736,632,571,621,51,86,95,5,0
3385,Ursinus_College,PA,3,528,419,354,434,686,547,458,563,32,28,29,2,0
3388,Villanova_University,PA,2,726,535,438,536,912,698,586,698,133,143,206,21,1
3389,Washington__and__Jefferson_Coll,PA,3,549,480,373,473,689,608,494,602,33,29,18,7,0
3391,Waynesburg_College,PA,3,407,332,297,333,541,453,399,451,20,11,22,11,0
3392,Westminster_College,PA,3,497,410,337,423,603,498,394,508,47,12,24,10,0
3394,Wilkes_University,PA,2,499,430,338,409,612,534,408,502,31,53,53,0,0
3396,Wilson_College,PA,3,322,314,269,294,402,366,315,350,8,9,12,3,0
3399,York_College_of_Pennsylvania,PA,3,615,512,414,464,809,664,537,603,13,32,67,1,0
3986,AlltwnCollStFrancis_Sales,PA,3,486,415,342,365,594,532,429,458,6,19,33,10,0
3987,La_Roche_College,PA,3,433,364,302,351,518,438,355,419,11,12,21,0,0
3988,Neumann_College,PA,3,?,328,296,307,?,457,399,415,5,9,27,3,0
6965,Penn_State_Univ-Main_Campus,PA,1,721,509,417,522,887,642,525,652,622,449,427,160,1
9235,Clarion_University_of_Penn,PA,2,649,539,419,517,824,694,549,665,100,92,110,22,1
3401,Brown_University,RI,1,752,515,433,625,956,659,554,797,286,100,111,0,1
3402,Bryant_College,RI,3,632,582,502,556,812,746,629,709,40,43,45,0,0
3406,Providence_College,RI,2,633,526,418,489,827,712,544,646,43,68,93,15,0
3407,Rhode_Island_College,RI,2,518,442,381,453,675,581,504,594,125,101,96,1,1
3409,Rhode_Island_School_Design,RI,3,558,427,351,444,739,576,484,598,35,49,34,0,0
3411,Salve_Regina_University,RI,2,495,397,327,385,620,496,406,481,29,43,37,14,0
3414,University_of_Rhode_Island,RI,1,630,473,416,541,813,622,548,703,334,187,135,3,1
4917,Roger_Williams_University,RI,3,?,?,?,464,?,?,?,605,0,0,0,0,0
3419,Charleston_Southern_Univ,SC,3,429,356,299,327,518,430,359,395,12,20,29,6,0
3420,Benedict_College,SC,3,320,260,241,257,381,311,289,308,21,10,29,18,0
3422,Central_Wesleyan_College,SC,3,293,247,214,264,366,311,261,329,20,7,9,0,0
3423,Citadel_Military_Collof_SC,SC,2,469,405,332,421,576,502,415,520,65,59,24,0,0
3425,Clemson_University,SC,1,602,441,375,466,728,544,465,571,296,224,191,42,1
3427,Coker_College,SC,3,425,359,318,358,521,425,378,430,14,9,18,2,0
3428,College_of_Charleston,SC,2,475,410,320,374,581,505,399,462,68,102,118,32,1
3430,Columbia_College,SC,3,415,355,330,358,515,441,402,442,23,25,15,9,0
3431,Converse_College,SC,3,467,384,317,372,582,495,402,473,12,31,23,3,0
3432,Erskine_College,SC,3,420,?,297,355,527,?,366,444,19,5,14,2,0
3434,Furman_University,SC,3,551,414,343,453,719,530,430,583,86,39,54,6,0
3435,Lander_University,SC,3,453,381,343,380,557,472,427,470,34,31,41,4,0
3436,Limestone_College,SC,3,277,282,250,264,319,328,287,303,7,8,11,2,0
3439,Morris_College,SC,3,?,278,252,269,?,314,285,303,5,16,21,4,0
3440,Newberry_College,SC,3,351,290,243,287,411,344,290,339,11,19,11,5,0
3445,Presbyterian_College,SC,3,503,376,316,397,637,478,395,501,26,22,22,5,0
3446,South_Carolina_State_College,SC,3,458,379,307,350,561,467,382,432,59,58,77,36,0
3448,Univ_South_Carolina-Main,SC,1,585,436,385,475,705,532,472,577,417,335,194,60,1
3449,Univ_South_Carolina-Aiken,SC,3,461,392,317,374,563,481,392,457,30,39,36,12,0
3451,Coastal_Carolina_University,SC,3,437,377,314,340,535,464,389,419,23,43,49,28,0
3455,Voorhees_College,SC,3,?,?,254,233,?,?,287,265,1,3,12,14,0
3456,Winthrop_University,SC,2,464,378,327,378,578,474,413,474,73,78,70,19,0
3457,Wofford_College,SC,3,537,413,367,448,662,519,469,560,24,27,11,2,0
6951,Univ_South_Carolina-Sprtbrg,SC,3,433,368,303,366,529,452,376,450,49,43,16,21,0
9226,Francis_Marion_University,SC,3,476,394,328,387,585,488,410,480,64,37,40,25,0
3458,Augustana_College,SD,3,434,382,322,364,576,519,429,487,34,22,45,7,0
3459,Black_Hills_State_University,SD,3,410,341,303,329,487,409,366,396,24,13,50,11,0
3461,Dakota_Wesleyan_University,SD,3,?,290,246,257,?,356,302,317,4,11,13,7,0
3463,Dakota_State_University,SD,3,469,357,349,351,554,427,419,420,9,11,24,12,0
3466,Northern_State_University,SD,2,417,333,297,337,498,402,362,407,27,30,35,12,0
3469,Sioux_Falls_College,SD,3,376,308,289,311,463,388,364,391,7,12,15,2,0
3470,South_Dakota_SchMin_and__Tech,SD,2,473,414,362,419,562,495,435,500,45,28,26,5,0
3471,South_Dakota_State_Univ,SD,2,440,368,326,368,521,440,392,440,132,67,122,44,1
10300,University_of_South_Dakota,SD,1,480,364,340,362,570,438,410,436,88,75,134,55,1
3478,Austin_Peay_State_University,TN,2,482,362,314,374,581,445,390,458,86,47,102,17,0
3479,Belmont_University,TN,2,484,372,315,382,573,445,377,455,42,54,45,7,0
3480,Bethel_College,TN,3,287,?,255,262,345,?,307,323,9,4,9,5,0
3481,Carson-Newman_College,TN,3,393,334,286,324,475,405,339,390,32,33,41,11,0
3482,Christian_Brothers_Univ,TN,3,414,347,312,345,509,435,395,432,22,28,32,4,0
3486,David_Lipscomb_University,TN,3,453,374,308,365,561,473,374,451,33,22,25,17,0
3487,East_Tennessee_State_Univ,TN,2,519,449,358,411,629,548,441,504,129,124,165,68,1
3490,Fisk_University,TN,3,383,369,269,319,451,437,314,375,17,19,17,2,0
3492,Freed-Hardeman_University,TN,3,382,326,271,305,454,401,346,374,16,23,20,9,0
3498,Lambuth_University,TN,3,316,288,283,294,405,380,363,379,15,9,16,2,0
3500,Lee_College,TN,3,350,320,284,297,431,407,334,360,12,20,29,13,0
3505,Maryville_College,TN,3,429,351,289,338,520,419,348,406,12,14,19,4,0
3509,Memphis_State_University,TN,1,558,425,376,443,674,522,464,542,264,194,193,71,1
3510,Middle_Tenn_State_Univ,TN,2,542,418,336,410,654,511,416,501,202,167,224,76,1
3511,Milligan_College,TN,3,398,334,291,347,465,404,337,410,21,16,15,0,0
3518,Southern_CSeventh-Day_Advts,TN,3,270,261,249,260,348,331,322,334,34,32,19,5,0
3519,Rhodes_College,TN,3,575,446,353,430,741,566,428,538,23,37,46,4,0
3522,Tennessee_State_University,TN,2,477,418,330,407,595,524,420,512,111,78,71,28,1
3523,Tennessee_Technological_Univ,TN,2,547,424,346,436,664,527,439,540,146,98,100,32,1
3527,Tusculum_College,TN,3,353,327,290,314,426,396,340,373,6,7,14,0,0
3528,Union_University,TN,3,396,361,318,332,496,454,396,414,18,22,52,20,0
3529,Univ_of_Tennat_Chattanooga,TN,2,494,420,365,428,628,525,452,538,113,60,79,11,1
3530,Univof_Tennessee-Knoxville,TN,1,600,454,402,501,756,570,500,630,535,325,202,65,1
3531,Univof_Tennessee-Martin,TN,2,473,409,337,413,615,509,426,527,103,57,48,17,0
3534,University_of_the_South,TN,3,578,427,347,485,759,571,447,636,53,20,18,6,0
3535,Vanderbilt_University,TN,1,807,522,432,612,988,651,538,756,289,160,177,9,1
6725,Univ_of_Tennessee-_Memphis,TN,1,605,461,403,486,757,576,502,607,53,60,40,11,0
3537,Abilene_Christian_University,TX,2,424,375,339,376,555,491,418,494,68,42,36,14,0
3541,Angelo_State_University,TX,3,485,425,369,398,618,549,484,517,68,27,40,45,0
3543,Austin_College,TX,3,508,394,320,418,629,500,390,518,37,20,23,4,0
3564,East_Texas_Baptist_Univ,TX,3,377,318,325,329,460,409,403,409,19,9,17,10,0
3565,East_Texas_State_University,TX,2,494,378,351,418,625,487,456,536,107,66,58,13,0
3571,Hardin-Simmons_University,TX,2,378,311,295,330,457,380,357,400,39,11,25,9,0
3576,Houston_Baptist_University,TX,2,408,363,314,345,507,456,397,434,34,19,43,15,0
3581,Lamar_University-Beaumont,TX,2,482,382,334,361,591,475,417,447,82,81,91,64,1
3584,LeTourneau_University,TX,3,404,343,319,349,525,431,428,449,15,18,11,6,0
3592,Midwestern_State_University,TX,2,491,418,362,399,613,528,463,505,42,45,54,20,0
3594,University_of_North_Texas,TX,1,551,443,382,448,674,550,479,555,249,203,234,5,1
3598,Our_Lady_of_the_Lake_Univ,TX,2,499,405,346,379,577,469,399,437,24,25,30,21,0
3599,Univ_of_Texas-Pan_AmerUniv,TX,2,503,426,343,367,625,536,439,467,63,85,109,109,1
3604,Rice_University,TX,1,809,548,481,663,992,682,593,816,224,89,91,8,1
3606,Sam_Houston_State_University,TX,2,497,403,341,408,633,523,451,529,147,63,116,10,1
3610,Schreiner_College,TX,3,354,300,257,282,425,363,313,343,12,8,8,12,0
3613,Southern_Methodist_Univ,TX,1,733,505,463,550,918,636,570,687,158,154,135,5,1
3615,Southwest_Texas_State_Univ,TX,2,495,410,328,385,619,521,426,492,209,135,204,53,1
3620,Southwestern_University,TX,3,627,470,373,478,763,581,465,590,22,33,25,3,0
3621,St_Edwards_University,TX,3,469,385,331,380,552,454,392,448,12,45,24,2,0
3623,St_Marys_University,TX,2,652,474,383,502,744,560,452,585,58,57,49,5,0
3624,Stephen_FAustin_State_Univ,TX,2,473,379,338,380,582,478,434,481,138,74,114,37,1
3625,Sul_Ross_State_University,TX,3,440,368,310,354,562,474,410,462,34,15,24,8,0
3630,Prairie_View_A_and_M_University,TX,2,485,421,347,369,616,542,455,481,34,58,64,73,0
3631,Tarleton_State_University,TX,2,446,399,347,354,570,516,455,462,42,48,48,62,0
3636,Texas_Christian_University,TX,1,654,477,423,511,811,599,518,632,107,109,99,9,1
3639,Texas_A_and_M_Univ-Kingsville,TX,2,467,393,348,386,589,502,450,494,72,51,41,12,0
3641,Texas_Lutheran_College,TX,3,458,370,313,365,564,456,386,449,20,13,20,8,0
3642,Texas_Southern_University,TX,1,551,455,366,423,684,573,469,535,83,82,104,50,1
3644,Texas_Tech_University,TX,1,610,429,363,468,762,550,472,595,270,216,220,14,1
3645,Texas_Wesleyan_University,TX,3,456,536,298,439,570,656,370,544,42,30,15,9,0
3646,Texas_Womans_University,TX,1,499,401,342,396,623,507,438,501,93,107,101,40,1
3647,Trinity_University,TX,2,696,477,389,548,860,610,497,686,95,61,57,3,0
3651,University_of_Dallas,TX,2,474,432,364,395,578,550,446,489,23,35,25,1,0
3652,University_of_Houston,TX,1,681,462,398,520,836,585,510,651,341,288,238,24,1
3656,Univ_of_Texas_at_Arlington,TX,1,581,438,395,455,724,557,506,577,185,224,137,0,1
3658,Univ_of_Texas_at_Austin,TX,1,732,476,432,577,888,599,548,713,997,439,480,30,1
3661,Univ_of_Texas_at_El_Paso,TX,2,522,417,365,404,679,552,488,535,101,122,142,10,1
3663,Wayland_Baptist_Univ,TX,3,433,278,252,311,502,338,362,387,18,19,15,10,0
3665,West_Texas_A_and_M_University,TX,2,467,358,326,340,583,457,419,435,65,35,58,58,0
6967,Baylor_University,TX,1,619,474,397,476,791,610,504,607,226,131,103,7,1
9651,Texas_A_and_M_Internatl_Univ,TX,3,445,432,380,404,570,554,494,522,10,16,18,4,0
9741,Univ_of_Texas_at_Dallas,TX,1,661,505,451,557,810,634,571,692,89,58,59,1,0
9930,Univ_of_Texas_-Permian_Bsn,TX,3,457,393,348,384,576,501,449,491,21,18,26,6,0
10115,Univ_of_Texas_-San_Antonio,TX,2,546,441,379,429,685,562,489,548,61,120,108,6,1
10298,Texas_A_and_M_Univat_Galveston,TX,3,570,368,376,393,714,475,482,503,15,15,8,0,0
10366,Texas_A__and__M_University-Main,TX,1,645,460,394,505,798,587,509,637,652,424,305,2,1
11161,Texas_A_and_M_U-Corpus_Christi,TX,2,475,396,334,400,604,513,440,517,49,44,45,4,0
11163,Univ_of_Texas_at_Tyler,TX,2,522,421,359,409,666,548,496,538,39,37,24,0,0
11711,Univ_of_Houston-Clear_Lake,TX,2,558,479,409,467,696,605,520,590,48,65,45,4,0
11854,University_of_Central_Texas,TX,3,?,321,279,302,?,392,350,368,2,7,8,2,0
12826,Univ_of_Houston-Downtown,TX,3,503,404,336,365,628,507,429,463,20,53,44,1,0
13231,Univ_of_Houston-Victoria,TX,3,?,389,319,355,?,498,411,456,5,11,11,2,0
29269,East_Texas_State_U-Texarkana,TX,3,480,373,?,429,616,490,?,556,20,6,2,4,0
3670,Brigham_Young_University,UT,1,661,504,431,543,851,668,577,711,577,382,304,49,1
3675,University_of_Utah,UT,1,615,432,383,498,792,574,514,652,388,231,216,25,1
3677,Utah_State_University,UT,1,518,403,364,420,688,546,497,567,199,165,158,20,1
3678,Southern_Utah_University,UT,3,421,349,290,335,546,473,413,459,33,48,55,11,0
3680,Weber_State_University,UT,3,483,388,341,389,633,522,458,518,160,97,124,61,1
3681,Westminster_Coll_SltLkeCy,UT,3,445,367,325,359,578,459,399,448,15,25,35,4,0
3702,Averett_College,VA,3,372,319,281,328,454,395,342,400,19,15,11,3,0
3704,Bridgewater_College,VA,3,450,390,332,383,563,483,417,479,22,15,21,4,0
3705,College_of_William_and_Mary,VA,1,679,499,382,525,827,621,484,650,185,132,123,30,1
3706,Christopher_Newport_Univ,VA,3,509,442,363,412,632,553,458,515,39,44,68,15,0
3708,Eastern_Mennonite_Coll_and_Sem,VA,3,387,335,286,325,480,411,355,402,26,13,15,13,0
3709,Emory_and_Henry_College,VA,3,440,358,296,363,531,439,351,438,18,19,14,3,0
3711,Ferrum_College,VA,3,415,342,299,353,508,417,362,431,27,21,16,5,0
3713,Hampden-Sydney_College,VA,3,529,397,338,417,631,481,419,502,28,28,13,0,0
3714,Hampton_University,VA,2,494,377,323,359,568,440,374,415,45,86,134,13,1
3715,Hollins_College,VA,3,498,398,306,388,609,512,374,484,18,27,23,3,0
3719,Longwood_College,VA,3,487,420,336,393,611,529,431,497,33,50,50,17,0
3720,Lynchburg_College,VA,2,465,392,317,395,567,484,396,486,49,36,37,3,0
3721,James_Madison_University,VA,2,521,447,366,441,647,560,466,553,187,151,131,39,1
3723,Mary_Baldwin_College,VA,3,457,370,311,362,551,457,380,443,13,31,25,2,0
3724,Marymount_University,VA,2,524,418,369,448,616,493,434,528,48,30,34,0,0
3728,Old_Dominion_University,VA,1,595,451,370,446,731,564,468,557,165,228,156,52,1
3732,Radford_University,VA,2,499,393,354,407,613,488,443,505,137,119,92,43,1
3733,Randolph-Macon_College,VA,3,522,395,313,399,632,484,385,488,22,30,21,6,0
3734,Randolph-Macon_Womans_Coll,VA,3,495,411,337,409,623,512,424,512,17,28,18,2,0
3735,Virginia_Commonwealth_Univ,VA,1,610,492,404,491,753,611,501,609,220,310,211,43,1
3736,Roanoke_College,VA,3,494,408,338,412,624,523,422,522,27,37,28,0,0
3737,Shenandoah_University,VA,3,463,387,330,392,554,464,394,469,32,26,25,6,0
3739,Saint_Pauls_College,VA,3,319,309,275,290,399,368,341,357,8,9,8,8,0
3742,Sweet_Briar_College,VA,3,539,433,372,468,666,524,445,572,28,26,11,0,0
3744,University_of_Richmond,VA,2,711,550,418,565,883,686,512,700,80,70,72,0,0
3746,Mary_Washington_College,VA,3,475,397,325,401,602,507,421,513,59,43,48,0,0
3747,U_Va_Clinch_Valley_College,VA,3,445,352,313,350,552,442,397,440,17,14,18,4,0
3749,George_Mason_University,VA,1,753,524,445,568,909,650,550,696,210,266,156,43,1
3752,Virginia_Intermont_College,VA,3,332,318,279,307,392,373,333,363,7,15,12,0,0
3753,Virginia_Military_Institute,VA,3,532,446,364,467,668,573,465,590,52,14,24,2,0
3754,Virginia_PolyInst_and_StUniv,VA,1,655,467,404,519,802,582,506,641,598,526,270,91,1
3764,Virginia_State_University,VA,2,453,416,375,398,554,510,462,489,55,49,59,28,0
3765,Norfolk_State_University,VA,2,492,429,355,406,618,545,456,516,83,88,92,30,1
3766,Virginia_Union_University,VA,3,401,351,264,283,459,404,302,324,8,15,37,8,0
3767,Virginia_Wesleyan_College,VA,3,527,432,356,436,643,534,447,538,28,11,24,9,0
3768,Washington__and__Lee_University,VA,3,685,487,397,592,842,605,480,728,84,30,24,0,0
6968,University_of_Virginia,VA,1,777,517,430,610,953,653,545,757,445,277,201,18,1
10392,Liberty_University,VA,2,401,341,279,327,458,389,322,375,44,56,51,17,0
29261,Christendom_College,VA,3,?,?,279,320,?,?,336,396,1,5,7,0,0
3682,Bennington_College,VT,3,?,?,?,373,?,?,?,449,0,0,0,0,0
3683,Castleton_State_College,VT,3,432,355,302,355,580,484,410,480,26,27,34,3,0
3687,Green_Mountain_College,VT,3,416,355,309,342,518,448,390,430,9,11,10,5,0
3688,Johnson_State_College,VT,3,423,349,303,342,550,478,429,469,14,21,29,2,0
3689,Lyndon_State_College,VT,3,433,366,293,366,584,501,411,500,18,22,17,0,0
3691,Middlebury_College,VT,3,678,469,398,512,878,599,493,651,68,33,56,14,0
3692,Norwich_University,VT,2,423,356,297,371,545,468,394,484,62,51,32,1,0
3694,Saint_Michaels_College,VT,3,501,414,344,404,675,548,457,540,33,38,46,0,0
3695,Trinity_College_of_Vermont,VT,3,364,340,299,325,432,407,365,392,6,20,11,1,0
3696,University_of_Vermont,VT,1,606,450,370,458,770,586,486,592,175,174,115,0,1
3771,Central_Washington_Univ,WA,2,483,355,292,401,596,447,374,501,172,80,72,0,1
3775,Eastern_Washington_Univ,WA,2,480,406,352,425,601,514,451,537,181,79,74,14,1
3777,Heritage_College,WA,3,?,359,319,322,?,437,392,395,4,7,9,8,0
3778,Gonzaga_University,WA,2,616,428,345,420,741,527,432,518,49,83,96,23,0
3785,Pacific_Lutheran_University,WA,2,494,409,351,422,617,513,434,527,78,88,63,0,0
3788,Seattle_Pacific_University,WA,2,457,388,335,390,563,485,422,485,50,48,34,7,0
3790,Seattle_University,WA,2,565,476,408,458,674,572,495,551,53,88,69,14,0
3794,Saint_Martins_College,WA,3,378,347,303,325,441,418,360,386,7,14,28,1,0
3797,University_of_Puget_Sound,WA,3,623,469,389,516,788,599,495,655,80,44,51,0,0
3798,University_of_Washington,WA,1,683,485,421,555,838,606,524,687,893,472,352,11,1
3799,Walla_Walla_College,WA,3,333,314,300,312,403,382,367,379,45,20,36,13,0
3800,Washington_State_University,WA,1,597,447,393,470,734,559,488,584,337,281,279,62,1
3802,Western_Washington_Univ,WA,2,537,444,371,462,665,553,461,573,153,141,67,6,1
3803,Whitman_College,WA,3,568,451,372,476,717,571,468,602,37,32,23,1,0
3804,Whitworth_College,WA,3,426,349,279,345,513,426,345,420,26,39,18,10,0
8155,Evergreen_State_College,WA,3,?,?,?,430,?,?,?,541,0,0,0,0,0
3832,Alverno_College,WI,3,438,352,282,314,511,411,332,368,9,31,74,0,0
3835,Beloit_College,WI,3,521,409,357,453,660,512,428,565,42,15,22,1,0
3839,Carthage_College,WI,3,434,374,319,371,556,485,406,475,28,18,35,0,0
3842,Concordia_Univ_Wisconsin,WI,3,416,391,340,348,507,509,434,443,10,14,35,1,0
3854,Lakeland_College,WI,3,406,?,321,329,489,?,384,393,11,3,19,8,0
3856,Lawrence_University,WI,3,570,425,364,462,691,521,439,561,42,28,31,3,0
3861,Marian_Collof_Fond_du_Lac,WI,3,440,371,302,334,548,464,373,414,9,17,41,4,0
3863,Marquette_University,WI,1,705,521,426,527,884,662,525,662,94,238,151,0,1
3868,Milwaukee_School_of_Engrg,WI,3,484,411,353,439,609,522,427,551,56,27,20,0,0
3869,Mount_Mary_College,WI,3,393,327,282,312,493,393,327,371,8,19,19,6,0
3875,Northland_College,WI,3,375,296,271,325,458,354,344,397,19,15,7,2,0
3884,Ripon_College,WI,3,491,380,320,409,619,479,401,515,28,23,17,1,0
3892,St_Norbert_College,WI,3,546,445,353,415,712,585,457,541,15,45,42,7,0
3895,Univ_Wisconsin-Madison,WI,1,666,498,439,573,831,628,566,721,918,287,360,30,1
3896,Univ_Wisconsin-Milwaukee,WI,1,604,465,421,495,761,598,544,632,267,306,192,2,1
3899,Univ_Wisconsin-Green_Bay,WI,2,498,417,356,419,638,541,468,543,52,55,35,3,0
3911,Viterbo_College,WI,3,448,366,316,344,553,441,395,423,10,23,28,10,0
3915,Univ_Wisconsin-Stout,WI,2,502,394,349,412,642,513,460,536,121,71,69,6,1
3917,Univ_Wisconsin-Eau_Claire,WI,2,489,410,372,428,627,533,487,555,167,126,112,12,1
3919,Univ_Wisconsin-La_Crosse,WI,2,511,424,384,430,653,549,502,556,128,103,90,8,1
3921,Univ_Wisconsin-Platteville,WI,2,517,417,357,437,661,542,470,565,94,57,58,0,0
3923,Univ_Wisconsin-River_Falls,WI,2,485,399,340,420,622,519,449,545,112,57,57,2,0
3924,Univ_Wisconsin-Stevens_Pnt,WI,2,516,423,353,437,658,548,464,565,138,104,84,5,1
3925,Univ_Wisconsin-Superior,WI,2,501,410,348,432,642,533,459,561,42,26,19,5,0
3926,Univ_Wisconsin-Whitewater,WI,2,525,434,368,432,670,562,483,559,127,103,99,5,1
5015,Univ_Wisconsin-Parkside,WI,2,535,427,391,434,680,553,510,561,49,58,37,1,0
9630,Univ_Wisconsin-Oshkosh,WI,2,541,435,374,439,688,562,490,567,104,108,130,4,1
3806,Alderson_Broaddus_College,WV,3,385,315,272,299,507,402,349,386,9,18,25,11,0
3808,Bethany_College,WV,3,397,348,286,340,501,485,358,433,21,6,23,0,0
3809,Bluefield_State_College,WV,3,409,315,268,310,483,388,341,384,23,22,34,12,0
3810,Concord_College,WV,3,400,342,284,325,505,438,372,420,29,18,35,12,0
3811,Davis_and_Elkins_College,WV,3,373,305,259,299,480,388,339,386,14,10,14,7,0
3812,Fairmont_State_College,WV,3,432,362,317,361,526,446,394,445,57,44,45,27,0
3813,Glenville_State_College,WV,3,396,325,274,298,484,405,341,371,12,17,28,16,0
3815,Marshall_University,WV,2,477,390,309,390,576,478,384,477,144,121,102,30,1
3818,University_of_Charleston,WV,3,385,347,324,333,484,440,413,423,10,21,21,15,0
3820,Salem-Teikyo_University,WV,3,422,353,305,306,509,429,368,369,6,11,17,16,0
3822,Shepherd_College,WW,4,415,348,312,342,508,421,383,418,27,31,33,14,0
3823,West_Liberty_State_College,WV,3,417,327,235,337,513,404,294,417,42,62,18,7,0
3825,West_Virginia_Inst_of_Tech,WV,3,408,340,297,349,502,419,369,431,54,43,29,11,0
3827,West_Virginia_University,WV,1,535,431,361,439,642,521,438,529,335,237,272,22,1
3830,West_Virginia_Wesleyan_Coll,WV,3,441,383,339,383,572,494,434,495,25,22,24,3,0
3831,Wheeling_Jesuit_College,WV,3,403,348,282,315,486,416,348,381,8,20,25,12,0
3932,University_of_Wyoming,WY,1,539,410,374,445,658,507,464,549,241,154,164,2,1
